id,city,method,nClust,rep,cost
0,Mumbai,IteratedWatershed,3,0,74927.55365666118
1,Mumbai,KMeans,3,0,81918.98653230807
2,Mumbai,KCenters,3,0,138743.05465241696
0,Mumbai,IteratedWatershed,3,1,72065.43066509072
1,Mumbai,KMeans,3,1,81918.98653230807
2,Mumbai,KCenters,3,1,126753.02247872365
0,Mumbai,IteratedWatershed,3,2,74515.98397766745
1,Mumbai,KMeans,3,2,88899.90560621631
2,Mumbai,KCenters,3,2,105022.56651936015
0,Mumbai,IteratedWatershed,3,3,79362.41445409431
1,Mumbai,KMeans,3,3,88899.90560621631
2,Mumbai,KCenters,3,3,128120.05510623465
0,Mumbai,IteratedWatershed,3,4,74348.37637881616
1,Mumbai,KMeans,3,4,81918.98653230807
2,Mumbai,KCenters,3,4,147125.2493111086
0,Mumbai,IteratedWatershed,3,5,74927.55365666118
1,Mumbai,KMeans,3,5,78660.29120450912
2,Mumbai,KCenters,3,5,117892.77722897517
0,Mumbai,IteratedWatershed,3,6,74515.98397766745
1,Mumbai,KMeans,3,6,78660.29120450912
2,Mumbai,KCenters,3,6,139371.37143447416
0,Mumbai,IteratedWatershed,3,7,75623.27371762115
1,Mumbai,KMeans,3,7,88899.90560621631
2,Mumbai,KCenters,3,7,127597.8345749614
0,Mumbai,IteratedWatershed,3,8,84449.7575181434
1,Mumbai,KMeans,3,8,88899.90560621631
2,Mumbai,KCenters,3,8,131424.96604757183
0,Mumbai,IteratedWatershed,3,9,74309.04715755471
1,Mumbai,KMeans,3,9,81918.98653230807
2,Mumbai,KCenters,3,9,118457.8355741206
0,Mumbai,IteratedWatershed,3,10,74927.55365666118
1,Mumbai,KMeans,3,10,88861.97337300687
2,Mumbai,KCenters,3,10,130652.24847865906
0,Mumbai,IteratedWatershed,3,11,74515.98397766745
1,Mumbai,KMeans,3,11,92691.09205953567
2,Mumbai,KCenters,3,11,145346.60018605532
0,Mumbai,IteratedWatershed,3,12,74131.76368787458
1,Mumbai,KMeans,3,12,81918.98653230807
2,Mumbai,KCenters,3,12,146158.6472374212
0,Mumbai,IteratedWatershed,3,13,74515.98397766745
1,Mumbai,KMeans,3,13,88899.90560621631
2,Mumbai,KCenters,3,13,106484.7676865008
0,Mumbai,IteratedWatershed,3,14,85333.01110439554
1,Mumbai,KMeans,3,14,86463.96407357899
2,Mumbai,KCenters,3,14,108037.11934061856
0,Mumbai,IteratedWatershed,3,15,74515.98397766745
1,Mumbai,KMeans,3,15,78660.29120450912
2,Mumbai,KCenters,3,15,170682.5005731362
0,Mumbai,IteratedWatershed,3,16,72065.43066509072
1,Mumbai,KMeans,3,16,81918.98653230807
2,Mumbai,KCenters,3,16,131501.0522914584
0,Mumbai,IteratedWatershed,3,17,74421.16144868497
1,Mumbai,KMeans,3,17,88899.90560621631
2,Mumbai,KCenters,3,17,130912.79748035813
0,Mumbai,IteratedWatershed,3,18,74515.98397766745
1,Mumbai,KMeans,3,18,92691.09205953567
2,Mumbai,KCenters,3,18,111459.37430879117
0,Mumbai,IteratedWatershed,3,19,74515.98397766745
1,Mumbai,KMeans,3,19,92691.09205953567
2,Mumbai,KCenters,3,19,123380.67298382444
0,Mumbai,IteratedWatershed,6,0,46586.302608726364
1,Mumbai,KMeans,6,0,64684.31697620564
2,Mumbai,KCenters,6,0,83883.77480420785
0,Mumbai,IteratedWatershed,6,1,45508.64375308911
1,Mumbai,KMeans,6,1,64684.31697620564
2,Mumbai,KCenters,6,1,101418.1180318495
0,Mumbai,IteratedWatershed,6,2,45697.94392415633
1,Mumbai,KMeans,6,2,64684.31697620564
2,Mumbai,KCenters,6,2,98284.38023315556
0,Mumbai,IteratedWatershed,6,3,45697.94392415633
1,Mumbai,KMeans,6,3,64684.31697620564
2,Mumbai,KCenters,6,3,103730.67246258096
0,Mumbai,IteratedWatershed,6,4,46618.67218042671
1,Mumbai,KMeans,6,4,64684.31697620564
2,Mumbai,KCenters,6,4,89494.48587382903
0,Mumbai,IteratedWatershed,6,5,47881.752612940785
1,Mumbai,KMeans,6,5,64684.31697620564
2,Mumbai,KCenters,6,5,83523.89594557247
0,Mumbai,IteratedWatershed,6,6,46712.46744592373
1,Mumbai,KMeans,6,6,64684.31697620564
2,Mumbai,KCenters,6,6,96117.94301811166
0,Mumbai,IteratedWatershed,6,7,45697.94392415633
1,Mumbai,KMeans,6,7,64684.31697620564
2,Mumbai,KCenters,6,7,99344.81065921554
0,Mumbai,IteratedWatershed,6,8,45697.94392415633
1,Mumbai,KMeans,6,8,64684.31697620564
2,Mumbai,KCenters,6,8,98537.33076937396
0,Mumbai,IteratedWatershed,6,9,46457.48137470698
1,Mumbai,KMeans,6,9,64684.31697620564
2,Mumbai,KCenters,6,9,85577.0410431232
0,Mumbai,IteratedWatershed,6,10,45424.88591374222
1,Mumbai,KMeans,6,10,64684.31697620564
2,Mumbai,KCenters,6,10,96415.80791569689
0,Mumbai,IteratedWatershed,6,11,48457.852541227476
1,Mumbai,KMeans,6,11,64684.31697620564
2,Mumbai,KCenters,6,11,106560.24292322953
0,Mumbai,IteratedWatershed,6,12,48055.40628927656
1,Mumbai,KMeans,6,12,64684.31697620564
2,Mumbai,KCenters,6,12,90944.8134062114
0,Mumbai,IteratedWatershed,6,13,47453.838711571225
1,Mumbai,KMeans,6,13,64684.31697620564
2,Mumbai,KCenters,6,13,93835.71628685624
0,Mumbai,IteratedWatershed,6,14,46465.676748732774
1,Mumbai,KMeans,6,14,64684.31697620564
2,Mumbai,KCenters,6,14,118419.50005437607
0,Mumbai,IteratedWatershed,6,15,45697.94392415633
1,Mumbai,KMeans,6,15,64684.31697620564
2,Mumbai,KCenters,6,15,100682.74559145198
0,Mumbai,IteratedWatershed,6,16,46649.75660408242
1,Mumbai,KMeans,6,16,64684.31697620564
2,Mumbai,KCenters,6,16,90605.14349395441
0,Mumbai,IteratedWatershed,6,17,45697.94392415633
1,Mumbai,KMeans,6,17,64684.31697620564
2,Mumbai,KCenters,6,17,98650.04161001251
0,Mumbai,IteratedWatershed,6,18,45697.94392415633
1,Mumbai,KMeans,6,18,64684.31697620564
2,Mumbai,KCenters,6,18,83541.05116652252
0,Mumbai,IteratedWatershed,6,19,48896.23971480616
1,Mumbai,KMeans,6,19,64684.31697620564
2,Mumbai,KCenters,6,19,104843.66695378933
0,Mumbai,IteratedWatershed,9,0,34885.49955850984
1,Mumbai,KMeans,9,0,53030.12274108609
2,Mumbai,KCenters,9,0,79879.0594775704
0,Mumbai,IteratedWatershed,9,1,34710.64471602112
1,Mumbai,KMeans,9,1,53030.12274108609
2,Mumbai,KCenters,9,1,82950.16179625932
0,Mumbai,IteratedWatershed,9,2,36816.504568799246
1,Mumbai,KMeans,9,2,53030.12274108609
2,Mumbai,KCenters,9,2,73536.33293213988
0,Mumbai,IteratedWatershed,9,3,36111.07693038237
1,Mumbai,KMeans,9,3,53030.12274108609
2,Mumbai,KCenters,9,3,73939.30583574044
0,Mumbai,IteratedWatershed,9,4,36482.44636871912
1,Mumbai,KMeans,9,4,53030.12274108609
2,Mumbai,KCenters,9,4,86639.30957895976
0,Mumbai,IteratedWatershed,9,5,38309.26851419683
1,Mumbai,KMeans,9,5,53030.12274108609
2,Mumbai,KCenters,9,5,85752.78242850926
0,Mumbai,IteratedWatershed,9,6,37084.369738748
1,Mumbai,KMeans,9,6,52245.34368060596
2,Mumbai,KCenters,9,6,74354.34337850548
0,Mumbai,IteratedWatershed,9,7,35454.2796961149
1,Mumbai,KMeans,9,7,53030.12274108609
2,Mumbai,KCenters,9,7,79188.74153667166
0,Mumbai,IteratedWatershed,9,8,34840.53469734365
1,Mumbai,KMeans,9,8,53735.73608326553
2,Mumbai,KCenters,9,8,73734.73959096297
0,Mumbai,IteratedWatershed,9,9,36402.15866389182
1,Mumbai,KMeans,9,9,53030.12274108609
2,Mumbai,KCenters,9,9,87073.34757171216
0,Mumbai,IteratedWatershed,9,10,40018.348731131584
1,Mumbai,KMeans,9,10,53030.12274108609
2,Mumbai,KCenters,9,10,85371.27336208268
0,Mumbai,IteratedWatershed,9,11,36482.44636871912
1,Mumbai,KMeans,9,11,53030.12274108609
2,Mumbai,KCenters,9,11,81433.40332705103
0,Mumbai,IteratedWatershed,9,12,37357.32649355449
1,Mumbai,KMeans,9,12,59422.29870831469
2,Mumbai,KCenters,9,12,80310.5544895902
0,Mumbai,IteratedWatershed,9,13,36482.44636871912
1,Mumbai,KMeans,9,13,53030.12274108609
2,Mumbai,KCenters,9,13,73564.82259331037
0,Mumbai,IteratedWatershed,9,14,36514.007829068614
1,Mumbai,KMeans,9,14,53030.12274108609
2,Mumbai,KCenters,9,14,78635.6516138993
0,Mumbai,IteratedWatershed,9,15,34447.86344658596
1,Mumbai,KMeans,9,15,53030.12274108609
2,Mumbai,KCenters,9,15,87546.58591794038
0,Mumbai,IteratedWatershed,9,16,36211.516373638224
1,Mumbai,KMeans,9,16,53030.12274108609
2,Mumbai,KCenters,9,16,74982.87309717065
0,Mumbai,IteratedWatershed,9,17,40097.28787421054
1,Mumbai,KMeans,9,17,53030.12274108609
2,Mumbai,KCenters,9,17,78727.25769658708
0,Mumbai,IteratedWatershed,9,18,36613.19241983093
1,Mumbai,KMeans,9,18,53030.12274108609
2,Mumbai,KCenters,9,18,81398.51455476283
0,Mumbai,IteratedWatershed,9,19,35667.15876592503
1,Mumbai,KMeans,9,19,53735.73608326553
2,Mumbai,KCenters,9,19,81264.72199235889
0,Mumbai,IteratedWatershed,12,0,31996.135631548816
1,Mumbai,KMeans,12,0,42162.62587962441
2,Mumbai,KCenters,12,0,69490.78468761157
0,Mumbai,IteratedWatershed,12,1,31270.36440067519
1,Mumbai,KMeans,12,1,45899.03274374995
2,Mumbai,KCenters,12,1,67245.35137988039
0,Mumbai,IteratedWatershed,12,2,31596.625113788123
1,Mumbai,KMeans,12,2,45990.65277319753
2,Mumbai,KCenters,12,2,69650.95376781188
0,Mumbai,IteratedWatershed,12,3,32929.05975337942
1,Mumbai,KMeans,12,3,45811.59740818654
2,Mumbai,KCenters,12,3,74612.5257213682
0,Mumbai,IteratedWatershed,12,4,30433.877403561222
1,Mumbai,KMeans,12,4,45906.6519282199
2,Mumbai,KCenters,12,4,68339.338557977
0,Mumbai,IteratedWatershed,12,5,31137.60892536871
1,Mumbai,KMeans,12,5,46178.14431289646
2,Mumbai,KCenters,12,5,76318.9407407187
0,Mumbai,IteratedWatershed,12,6,31190.04160330211
1,Mumbai,KMeans,12,6,45811.59740818654
2,Mumbai,KCenters,12,6,68957.90748884494
0,Mumbai,IteratedWatershed,12,7,31221.008166206746
1,Mumbai,KMeans,12,7,45906.6519282199
2,Mumbai,KCenters,12,7,66725.08321135705
0,Mumbai,IteratedWatershed,12,8,31502.762197881697
1,Mumbai,KMeans,12,8,45811.59740818654
2,Mumbai,KCenters,12,8,70999.06135190676
0,Mumbai,IteratedWatershed,12,9,30491.818239221833
1,Mumbai,KMeans,12,9,42926.250895722056
2,Mumbai,KCenters,12,9,62578.69876725941
0,Mumbai,IteratedWatershed,12,10,32647.79017106017
1,Mumbai,KMeans,12,10,45811.59740818654
2,Mumbai,KCenters,12,10,75339.0944622204
0,Mumbai,IteratedWatershed,12,11,32980.9430809352
1,Mumbai,KMeans,12,11,45811.59740818654
2,Mumbai,KCenters,12,11,73685.93972132125
0,Mumbai,IteratedWatershed,12,12,31056.07177223835
1,Mumbai,KMeans,12,12,46178.14431289646
2,Mumbai,KCenters,12,12,69537.7430105336
0,Mumbai,IteratedWatershed,12,13,32029.11991481742
1,Mumbai,KMeans,12,13,45743.693003671375
2,Mumbai,KCenters,12,13,63024.716792851505
0,Mumbai,IteratedWatershed,12,14,32547.31071878966
1,Mumbai,KMeans,12,14,45811.59740818654
2,Mumbai,KCenters,12,14,65963.17773752694
0,Mumbai,IteratedWatershed,12,15,30819.428450998843
1,Mumbai,KMeans,12,15,45811.59740818654
2,Mumbai,KCenters,12,15,74220.73931398304
0,Mumbai,IteratedWatershed,12,16,30859.08548333453
1,Mumbai,KMeans,12,16,45811.59740818654
2,Mumbai,KCenters,12,16,79539.91662626337
0,Mumbai,IteratedWatershed,12,17,30329.421972906384
1,Mumbai,KMeans,12,17,45899.03274374995
2,Mumbai,KCenters,12,17,68904.68320595747
0,Mumbai,IteratedWatershed,12,18,30758.88743610023
1,Mumbai,KMeans,12,18,45811.59740818654
2,Mumbai,KCenters,12,18,65026.174378259195
0,Mumbai,IteratedWatershed,12,19,30985.943226399097
1,Mumbai,KMeans,12,19,45811.59740818654
2,Mumbai,KCenters,12,19,67438.43886180942
0,Mumbai,IteratedWatershed,15,0,28439.05109538012
1,Mumbai,KMeans,15,0,52505.235973014685
2,Mumbai,KCenters,15,0,61038.27563233093
0,Mumbai,IteratedWatershed,15,1,29131.901022605663
1,Mumbai,KMeans,15,1,43713.26102861479
2,Mumbai,KCenters,15,1,70938.70653537806
0,Mumbai,IteratedWatershed,15,2,29513.82794044255
1,Mumbai,KMeans,15,2,33652.61636508764
2,Mumbai,KCenters,15,2,68067.66631471473
0,Mumbai,IteratedWatershed,15,3,29157.35408023093
1,Mumbai,KMeans,15,3,48310.60533297467
2,Mumbai,KCenters,15,3,67570.79325176717
0,Mumbai,IteratedWatershed,15,4,28293.93414972537
1,Mumbai,KMeans,15,4,36726.77103895371
2,Mumbai,KCenters,15,4,71323.67684245645
0,Mumbai,IteratedWatershed,15,5,29849.842323846577
1,Mumbai,KMeans,15,5,48310.60533297467
2,Mumbai,KCenters,15,5,62953.07582623623
0,Mumbai,IteratedWatershed,15,6,28245.921978944894
1,Mumbai,KMeans,15,6,43918.856542295776
2,Mumbai,KCenters,15,6,71932.18961358635
0,Mumbai,IteratedWatershed,15,7,29478.80927274366
1,Mumbai,KMeans,15,7,47907.89166865479
2,Mumbai,KCenters,15,7,63770.22353947144
0,Mumbai,IteratedWatershed,15,8,28630.72829368231
1,Mumbai,KMeans,15,8,48310.60533297467
2,Mumbai,KCenters,15,8,62592.123330664166
0,Mumbai,IteratedWatershed,15,9,28216.400815878987
1,Mumbai,KMeans,15,9,36726.77103895371
2,Mumbai,KCenters,15,9,68296.58872340497
0,Mumbai,IteratedWatershed,15,10,29696.34572393173
1,Mumbai,KMeans,15,10,41984.56555797455
2,Mumbai,KCenters,15,10,58466.34762868942
0,Mumbai,IteratedWatershed,15,11,29191.205273280084
1,Mumbai,KMeans,15,11,36726.77103895371
2,Mumbai,KCenters,15,11,60642.19217886595
0,Mumbai,IteratedWatershed,15,12,28107.244592145085
1,Mumbai,KMeans,15,12,32497.05403077678
2,Mumbai,KCenters,15,12,64568.05845173651
0,Mumbai,IteratedWatershed,15,13,29543.46559128486
1,Mumbai,KMeans,15,13,32472.590956036158
2,Mumbai,KCenters,15,13,59314.45716125611
0,Mumbai,IteratedWatershed,15,14,28117.104536186158
1,Mumbai,KMeans,15,14,34274.21892847538
2,Mumbai,KCenters,15,14,58229.782170351726
0,Mumbai,IteratedWatershed,15,15,28229.926730722473
1,Mumbai,KMeans,15,15,33652.61636508764
2,Mumbai,KCenters,15,15,70126.15738360942
0,Mumbai,IteratedWatershed,15,16,29521.46656872721
1,Mumbai,KMeans,15,16,36726.77103895371
2,Mumbai,KCenters,15,16,70760.80116351662
0,Mumbai,IteratedWatershed,15,17,29198.938889769724
1,Mumbai,KMeans,15,17,43383.22451756791
2,Mumbai,KCenters,15,17,60428.17436260749
0,Mumbai,IteratedWatershed,15,18,29228.76762270376
1,Mumbai,KMeans,15,18,32336.655250989803
2,Mumbai,KCenters,15,18,62869.76533085383
0,Mumbai,IteratedWatershed,15,19,29681.502315400554
1,Mumbai,KMeans,15,19,44476.22358733853
2,Mumbai,KCenters,15,19,69599.68279944579
0,Hyderabad,IteratedWatershed,3,0,71570.74601402387
1,Hyderabad,KMeans,3,0,109640.46261531442
2,Hyderabad,KCenters,3,0,139634.13123010163
0,Hyderabad,IteratedWatershed,3,1,68570.63091502151
1,Hyderabad,KMeans,3,1,98416.23194771117
2,Hyderabad,KCenters,3,1,146666.5084360879
0,Hyderabad,IteratedWatershed,3,2,70484.2736627447
1,Hyderabad,KMeans,3,2,98073.56502842609
2,Hyderabad,KCenters,3,2,113196.0496515043
0,Hyderabad,IteratedWatershed,3,3,69295.86179637189
1,Hyderabad,KMeans,3,3,94355.55565250017
2,Hyderabad,KCenters,3,3,160161.47430096153
0,Hyderabad,IteratedWatershed,3,4,69242.84279284123
1,Hyderabad,KMeans,3,4,98416.23194771117
2,Hyderabad,KCenters,3,4,131166.38397848656
0,Hyderabad,IteratedWatershed,3,5,68672.24789718936
1,Hyderabad,KMeans,3,5,98416.23194771117
2,Hyderabad,KCenters,3,5,134079.75934751594
0,Hyderabad,IteratedWatershed,3,6,68642.95821619067
1,Hyderabad,KMeans,3,6,98416.23194771117
2,Hyderabad,KCenters,3,6,134355.068166433
0,Hyderabad,IteratedWatershed,3,7,69595.15243671183
1,Hyderabad,KMeans,3,7,98416.23194771117
2,Hyderabad,KCenters,3,7,196728.33655043753
0,Hyderabad,IteratedWatershed,3,8,70881.39834973277
1,Hyderabad,KMeans,3,8,96111.17151475287
2,Hyderabad,KCenters,3,8,131652.53956778388
0,Hyderabad,IteratedWatershed,3,9,70449.10515429688
1,Hyderabad,KMeans,3,9,96111.17151475287
2,Hyderabad,KCenters,3,9,135923.65258859764
0,Hyderabad,IteratedWatershed,3,10,74034.09858341124
1,Hyderabad,KMeans,3,10,98416.23194771117
2,Hyderabad,KCenters,3,10,154653.9398680288
0,Hyderabad,IteratedWatershed,3,11,71208.47312174011
1,Hyderabad,KMeans,3,11,98416.23194771117
2,Hyderabad,KCenters,3,11,107685.9413197078
0,Hyderabad,IteratedWatershed,3,12,70905.4229648247
1,Hyderabad,KMeans,3,12,98416.23194771117
2,Hyderabad,KCenters,3,12,161427.5957812827
0,Hyderabad,IteratedWatershed,3,13,70128.14434615194
1,Hyderabad,KMeans,3,13,98416.23194771117
2,Hyderabad,KCenters,3,13,136422.76212540967
0,Hyderabad,IteratedWatershed,3,14,69596.31585843641
1,Hyderabad,KMeans,3,14,98416.23194771117
2,Hyderabad,KCenters,3,14,208497.75926949657
0,Hyderabad,IteratedWatershed,3,15,75250.62818385326
1,Hyderabad,KMeans,3,15,94355.55565250017
2,Hyderabad,KCenters,3,15,143730.83984566576
0,Hyderabad,IteratedWatershed,3,16,72416.19363766331
1,Hyderabad,KMeans,3,16,98416.23194771117
2,Hyderabad,KCenters,3,16,177488.9847232747
0,Hyderabad,IteratedWatershed,3,17,69404.87393958884
1,Hyderabad,KMeans,3,17,98416.23194771117
2,Hyderabad,KCenters,3,17,173432.05243975233
0,Hyderabad,IteratedWatershed,3,18,69330.04999718336
1,Hyderabad,KMeans,3,18,98073.56502842609
2,Hyderabad,KCenters,3,18,148084.4217643592
0,Hyderabad,IteratedWatershed,3,19,68769.36923323675
1,Hyderabad,KMeans,3,19,98073.56502842609
2,Hyderabad,KCenters,3,19,168248.72723490742
0,Hyderabad,IteratedWatershed,6,0,56962.08053146113
1,Hyderabad,KMeans,6,0,62337.99298359345
2,Hyderabad,KCenters,6,0,119257.77201519754
0,Hyderabad,IteratedWatershed,6,1,53841.20008378383
1,Hyderabad,KMeans,6,1,65254.77451336724
2,Hyderabad,KCenters,6,1,145541.65250784424
0,Hyderabad,IteratedWatershed,6,2,55200.10728326023
1,Hyderabad,KMeans,6,2,62337.99298359345
2,Hyderabad,KCenters,6,2,137960.08725752935
0,Hyderabad,IteratedWatershed,6,3,57853.716526980315
1,Hyderabad,KMeans,6,3,65254.77451336724
2,Hyderabad,KCenters,6,3,137431.95775639804
0,Hyderabad,IteratedWatershed,6,4,55895.54356014626
1,Hyderabad,KMeans,6,4,62337.99298359345
2,Hyderabad,KCenters,6,4,183382.21304828813
0,Hyderabad,IteratedWatershed,6,5,56347.13538219416
1,Hyderabad,KMeans,6,5,62337.99298359345
2,Hyderabad,KCenters,6,5,168805.5715785954
0,Hyderabad,IteratedWatershed,6,6,55322.13185309679
1,Hyderabad,KMeans,6,6,62337.99298359345
2,Hyderabad,KCenters,6,6,162181.90177499538
0,Hyderabad,IteratedWatershed,6,7,58465.651881471174
1,Hyderabad,KMeans,6,7,62337.99298359345
2,Hyderabad,KCenters,6,7,139495.150198551
0,Hyderabad,IteratedWatershed,6,8,54006.97840316298
1,Hyderabad,KMeans,6,8,62337.99298359345
2,Hyderabad,KCenters,6,8,136800.45989255118
0,Hyderabad,IteratedWatershed,6,9,56179.80667049275
1,Hyderabad,KMeans,6,9,62337.99298359345
2,Hyderabad,KCenters,6,9,153054.2563330792
0,Hyderabad,IteratedWatershed,6,10,55223.821458497114
1,Hyderabad,KMeans,6,10,62337.99298359345
2,Hyderabad,KCenters,6,10,127649.41307570935
0,Hyderabad,IteratedWatershed,6,11,56822.09275348415
1,Hyderabad,KMeans,6,11,65254.77451336724
2,Hyderabad,KCenters,6,11,157993.02125084022
0,Hyderabad,IteratedWatershed,6,12,54090.57149819013
1,Hyderabad,KMeans,6,12,62337.99298359345
2,Hyderabad,KCenters,6,12,109533.47253047788
0,Hyderabad,IteratedWatershed,6,13,56523.109345161756
1,Hyderabad,KMeans,6,13,65254.77451336724
2,Hyderabad,KCenters,6,13,121127.10159363836
0,Hyderabad,IteratedWatershed,6,14,56647.76664332854
1,Hyderabad,KMeans,6,14,62337.99298359345
2,Hyderabad,KCenters,6,14,214829.34085126972
0,Hyderabad,IteratedWatershed,6,15,54345.559766175065
1,Hyderabad,KMeans,6,15,62337.99298359345
2,Hyderabad,KCenters,6,15,148174.67382268052
0,Hyderabad,IteratedWatershed,6,16,56198.640381638485
1,Hyderabad,KMeans,6,16,62337.99298359345
2,Hyderabad,KCenters,6,16,124497.79640652859
0,Hyderabad,IteratedWatershed,6,17,53022.45516380194
1,Hyderabad,KMeans,6,17,62337.99298359345
2,Hyderabad,KCenters,6,17,107112.82366465744
0,Hyderabad,IteratedWatershed,6,18,57159.0016632096
1,Hyderabad,KMeans,6,18,64501.47415311233
2,Hyderabad,KCenters,6,18,131522.9591914897
0,Hyderabad,IteratedWatershed,6,19,55928.90157092325
1,Hyderabad,KMeans,6,19,62337.99298359345
2,Hyderabad,KCenters,6,19,140904.52129507103
0,Hyderabad,IteratedWatershed,9,0,49644.81185115644
1,Hyderabad,KMeans,9,0,47932.49627325948
2,Hyderabad,KCenters,9,0,129471.13786461097
0,Hyderabad,IteratedWatershed,9,1,48082.456214544094
1,Hyderabad,KMeans,9,1,49454.675550648644
2,Hyderabad,KCenters,9,1,125557.34427254416
0,Hyderabad,IteratedWatershed,9,2,46227.75169609698
1,Hyderabad,KMeans,9,2,51072.64890693839
2,Hyderabad,KCenters,9,2,123668.0913111543
0,Hyderabad,IteratedWatershed,9,3,48532.22664752365
1,Hyderabad,KMeans,9,3,51072.64890693839
2,Hyderabad,KCenters,9,3,121616.98537474047
0,Hyderabad,IteratedWatershed,9,4,46826.72362753995
1,Hyderabad,KMeans,9,4,49454.675550648644
2,Hyderabad,KCenters,9,4,184928.2581856718
0,Hyderabad,IteratedWatershed,9,5,48863.1140619144
1,Hyderabad,KMeans,9,5,54893.01139502017
2,Hyderabad,KCenters,9,5,138309.47235238636
0,Hyderabad,IteratedWatershed,9,6,47352.648455388764
1,Hyderabad,KMeans,9,6,54103.63763717425
2,Hyderabad,KCenters,9,6,155827.2521999538
0,Hyderabad,IteratedWatershed,9,7,48257.521136397394
1,Hyderabad,KMeans,9,7,54893.01139502017
2,Hyderabad,KCenters,9,7,114296.37227355107
0,Hyderabad,IteratedWatershed,9,8,46908.8470832526
1,Hyderabad,KMeans,9,8,51072.64890693839
2,Hyderabad,KCenters,9,8,112123.10590619686
0,Hyderabad,IteratedWatershed,9,9,45730.644852221114
1,Hyderabad,KMeans,9,9,47932.49627325948
2,Hyderabad,KCenters,9,9,196294.4664432734
0,Hyderabad,IteratedWatershed,9,10,48718.79359896681
1,Hyderabad,KMeans,9,10,51072.64890693839
2,Hyderabad,KCenters,9,10,151792.15910822066
0,Hyderabad,IteratedWatershed,9,11,48183.3247704242
1,Hyderabad,KMeans,9,11,54103.63763717425
2,Hyderabad,KCenters,9,11,142363.83573565213
0,Hyderabad,IteratedWatershed,9,12,47308.61465784832
1,Hyderabad,KMeans,9,12,47932.49627325948
2,Hyderabad,KCenters,9,12,135638.4789264581
0,Hyderabad,IteratedWatershed,9,13,46872.68549281479
1,Hyderabad,KMeans,9,13,47932.49627325948
2,Hyderabad,KCenters,9,13,147589.31499639968
0,Hyderabad,IteratedWatershed,9,14,47362.03629086031
1,Hyderabad,KMeans,9,14,49454.675550648644
2,Hyderabad,KCenters,9,14,117068.78471999169
0,Hyderabad,IteratedWatershed,9,15,48394.74880373887
1,Hyderabad,KMeans,9,15,54893.01139502017
2,Hyderabad,KCenters,9,15,129025.01713232168
0,Hyderabad,IteratedWatershed,9,16,48257.68582752521
1,Hyderabad,KMeans,9,16,51072.64890693839
2,Hyderabad,KCenters,9,16,155914.09206638145
0,Hyderabad,IteratedWatershed,9,17,48874.79339397685
1,Hyderabad,KMeans,9,17,54893.01139502017
2,Hyderabad,KCenters,9,17,117607.66531365553
0,Hyderabad,IteratedWatershed,9,18,48348.84427098866
1,Hyderabad,KMeans,9,18,47932.49627325948
2,Hyderabad,KCenters,9,18,151513.0186105942
0,Hyderabad,IteratedWatershed,9,19,47387.322847996125
1,Hyderabad,KMeans,9,19,54893.01139502017
2,Hyderabad,KCenters,9,19,133557.19430812311
0,Hyderabad,IteratedWatershed,12,0,42361.703524300814
1,Hyderabad,KMeans,12,0,51917.35028371666
2,Hyderabad,KCenters,12,0,112448.77718455
0,Hyderabad,IteratedWatershed,12,1,43220.750865532806
1,Hyderabad,KMeans,12,1,55436.850540003325
2,Hyderabad,KCenters,12,1,128867.3716402635
0,Hyderabad,IteratedWatershed,12,2,40861.62751877797
1,Hyderabad,KMeans,12,2,52029.108398912904
2,Hyderabad,KCenters,12,2,128369.67738228488
0,Hyderabad,IteratedWatershed,12,3,40909.612113760515
1,Hyderabad,KMeans,12,3,54511.673872021536
2,Hyderabad,KCenters,12,3,120546.05471161148
0,Hyderabad,IteratedWatershed,12,4,43090.321021389296
1,Hyderabad,KMeans,12,4,51458.41948841643
2,Hyderabad,KCenters,12,4,117867.39490550243
0,Hyderabad,IteratedWatershed,12,5,43400.66146426142
1,Hyderabad,KMeans,12,5,47591.318735584835
2,Hyderabad,KCenters,12,5,143379.89337751459
0,Hyderabad,IteratedWatershed,12,6,42382.25144431128
1,Hyderabad,KMeans,12,6,53902.34727860569
2,Hyderabad,KCenters,12,6,120022.34958841318
0,Hyderabad,IteratedWatershed,12,7,43088.53902239424
1,Hyderabad,KMeans,12,7,52401.02231180719
2,Hyderabad,KCenters,12,7,116807.47250323955
0,Hyderabad,IteratedWatershed,12,8,42794.13844491698
1,Hyderabad,KMeans,12,8,57223.91761977719
2,Hyderabad,KCenters,12,8,129522.33440149188
0,Hyderabad,IteratedWatershed,12,9,42450.32573450297
1,Hyderabad,KMeans,12,9,54983.424268594725
2,Hyderabad,KCenters,12,9,107561.33314504469
0,Hyderabad,IteratedWatershed,12,10,42247.74400717699
1,Hyderabad,KMeans,12,10,54018.08169298601
2,Hyderabad,KCenters,12,10,105458.63524554193
0,Hyderabad,IteratedWatershed,12,11,43054.99791382757
1,Hyderabad,KMeans,12,11,50920.83496821857
2,Hyderabad,KCenters,12,11,110972.4615061915
0,Hyderabad,IteratedWatershed,12,12,42758.82400507445
1,Hyderabad,KMeans,12,12,51446.57177477564
2,Hyderabad,KCenters,12,12,121050.18492600831
0,Hyderabad,IteratedWatershed,12,13,40949.47996674706
1,Hyderabad,KMeans,12,13,50920.83496821857
2,Hyderabad,KCenters,12,13,135110.8093087135
0,Hyderabad,IteratedWatershed,12,14,41522.09864085029
1,Hyderabad,KMeans,12,14,56553.74144938859
2,Hyderabad,KCenters,12,14,138835.14795864426
0,Hyderabad,IteratedWatershed,12,15,41465.815302427014
1,Hyderabad,KMeans,12,15,50920.83496821857
2,Hyderabad,KCenters,12,15,127934.81683485703
0,Hyderabad,IteratedWatershed,12,16,40298.86836960513
1,Hyderabad,KMeans,12,16,50436.62438658239
2,Hyderabad,KCenters,12,16,112222.42126988564
0,Hyderabad,IteratedWatershed,12,17,43543.40721948376
1,Hyderabad,KMeans,12,17,54389.94178792737
2,Hyderabad,KCenters,12,17,112362.09664042966
0,Hyderabad,IteratedWatershed,12,18,41840.01188343832
1,Hyderabad,KMeans,12,18,47502.132959461276
2,Hyderabad,KCenters,12,18,125067.84412734288
0,Hyderabad,IteratedWatershed,12,19,43401.374361647904
1,Hyderabad,KMeans,12,19,53390.21563123978
2,Hyderabad,KCenters,12,19,134288.88323669328
0,Hyderabad,IteratedWatershed,15,0,37847.5488742494
1,Hyderabad,KMeans,15,0,45041.38188043609
2,Hyderabad,KCenters,15,0,97959.2481080603
0,Hyderabad,IteratedWatershed,15,1,37468.770183762455
1,Hyderabad,KMeans,15,1,47569.31142026667
2,Hyderabad,KCenters,15,1,104341.3802472435
0,Hyderabad,IteratedWatershed,15,2,36893.110218986396
1,Hyderabad,KMeans,15,2,44454.142111271445
2,Hyderabad,KCenters,15,2,116473.02653705885
0,Hyderabad,IteratedWatershed,15,3,39045.31533886438
1,Hyderabad,KMeans,15,3,47907.952612501824
2,Hyderabad,KCenters,15,3,103339.11563500491
0,Hyderabad,IteratedWatershed,15,4,37828.402733167626
1,Hyderabad,KMeans,15,4,45882.75376008943
2,Hyderabad,KCenters,15,4,117359.8909601631
0,Hyderabad,IteratedWatershed,15,5,38533.1522178395
1,Hyderabad,KMeans,15,5,45028.01761022827
2,Hyderabad,KCenters,15,5,132569.28517447482
0,Hyderabad,IteratedWatershed,15,6,39398.124286558945
1,Hyderabad,KMeans,15,6,45573.98903884379
2,Hyderabad,KCenters,15,6,107227.6910944365
0,Hyderabad,IteratedWatershed,15,7,40489.18113042747
1,Hyderabad,KMeans,15,7,45398.072010370255
2,Hyderabad,KCenters,15,7,105590.11131772707
0,Hyderabad,IteratedWatershed,15,8,37056.32431059716
1,Hyderabad,KMeans,15,8,45799.899979126036
2,Hyderabad,KCenters,15,8,95554.29392879964
0,Hyderabad,IteratedWatershed,15,9,38347.93454411476
1,Hyderabad,KMeans,15,9,47010.6705471011
2,Hyderabad,KCenters,15,9,114995.10281557747
0,Hyderabad,IteratedWatershed,15,10,39113.00252503565
1,Hyderabad,KMeans,15,10,42816.08331245889
2,Hyderabad,KCenters,15,10,133837.03660631855
0,Hyderabad,IteratedWatershed,15,11,38058.28282479519
1,Hyderabad,KMeans,15,11,44672.92549813308
2,Hyderabad,KCenters,15,11,98285.11274683454
0,Hyderabad,IteratedWatershed,15,12,38170.5925320266
1,Hyderabad,KMeans,15,12,47444.05520275909
2,Hyderabad,KCenters,15,12,144947.7602761008
0,Hyderabad,IteratedWatershed,15,13,40052.75448045064
1,Hyderabad,KMeans,15,13,52183.458892875555
2,Hyderabad,KCenters,15,13,96286.29595349065
0,Hyderabad,IteratedWatershed,15,14,37271.21151450039
1,Hyderabad,KMeans,15,14,47085.8568487392
2,Hyderabad,KCenters,15,14,99289.19835792368
0,Hyderabad,IteratedWatershed,15,15,38737.05390716074
1,Hyderabad,KMeans,15,15,51370.70004624392
2,Hyderabad,KCenters,15,15,112720.48054950329
0,Hyderabad,IteratedWatershed,15,16,37675.49364851282
1,Hyderabad,KMeans,15,16,47444.05520275909
2,Hyderabad,KCenters,15,16,102670.83335316861
0,Hyderabad,IteratedWatershed,15,17,38353.5431079068
1,Hyderabad,KMeans,15,17,45650.373793947525
2,Hyderabad,KCenters,15,17,111321.73914170977
0,Hyderabad,IteratedWatershed,15,18,35929.85713217573
1,Hyderabad,KMeans,15,18,45476.809578166365
2,Hyderabad,KCenters,15,18,118021.17955579217
0,Hyderabad,IteratedWatershed,15,19,39020.14772746785
1,Hyderabad,KMeans,15,19,45799.899979126036
2,Hyderabad,KCenters,15,19,125875.90323139311
0,Chennai,IteratedWatershed,3,0,50058.89766833452
1,Chennai,KMeans,3,0,73176.42053811214
2,Chennai,KCenters,3,0,76111.21733647141
0,Chennai,IteratedWatershed,3,1,50189.803632957715
1,Chennai,KMeans,3,1,73176.42053811214
2,Chennai,KCenters,3,1,82422.39499623938
0,Chennai,IteratedWatershed,3,2,50189.803632957715
1,Chennai,KMeans,3,2,73176.42053811214
2,Chennai,KCenters,3,2,106031.9405365835
0,Chennai,IteratedWatershed,3,3,48676.44821852737
1,Chennai,KMeans,3,3,144552.28868105393
2,Chennai,KCenters,3,3,78079.249638226
0,Chennai,IteratedWatershed,3,4,50189.803632957715
1,Chennai,KMeans,3,4,73176.42053811214
2,Chennai,KCenters,3,4,83332.92164364188
0,Chennai,IteratedWatershed,3,5,49522.16834735312
1,Chennai,KMeans,3,5,73176.42053811214
2,Chennai,KCenters,3,5,73296.5205261705
0,Chennai,IteratedWatershed,3,6,50189.803632957715
1,Chennai,KMeans,3,6,144552.28868105393
2,Chennai,KCenters,3,6,101894.35288435918
0,Chennai,IteratedWatershed,3,7,49643.6451223006
1,Chennai,KMeans,3,7,73176.42053811214
2,Chennai,KCenters,3,7,70183.9774360906
0,Chennai,IteratedWatershed,3,8,50189.803632957715
1,Chennai,KMeans,3,8,73176.42053811214
2,Chennai,KCenters,3,8,69073.41832186663
0,Chennai,IteratedWatershed,3,9,48618.6895244309
1,Chennai,KMeans,3,9,73176.42053811214
2,Chennai,KCenters,3,9,76146.24310878948
0,Chennai,IteratedWatershed,3,10,50058.89766833452
1,Chennai,KMeans,3,10,73176.42053811214
2,Chennai,KCenters,3,10,91822.84733061604
0,Chennai,IteratedWatershed,3,11,49830.071520485944
1,Chennai,KMeans,3,11,73176.42053811214
2,Chennai,KCenters,3,11,88535.29455790989
0,Chennai,IteratedWatershed,3,12,50189.803632957715
1,Chennai,KMeans,3,12,73176.42053811214
2,Chennai,KCenters,3,12,71912.74098991574
0,Chennai,IteratedWatershed,3,13,50057.581980887146
1,Chennai,KMeans,3,13,73176.42053811214
2,Chennai,KCenters,3,13,92583.21245670409
0,Chennai,IteratedWatershed,3,14,50189.803632957715
1,Chennai,KMeans,3,14,73176.42053811214
2,Chennai,KCenters,3,14,92825.63054557031
0,Chennai,IteratedWatershed,3,15,50058.89766833452
1,Chennai,KMeans,3,15,73176.42053811214
2,Chennai,KCenters,3,15,70729.39007431916
0,Chennai,IteratedWatershed,3,16,50189.803632957715
1,Chennai,KMeans,3,16,73176.42053811214
2,Chennai,KCenters,3,16,94099.79335057644
0,Chennai,IteratedWatershed,3,17,49848.814908675195
1,Chennai,KMeans,3,17,73176.42053811214
2,Chennai,KCenters,3,17,79665.85378797795
0,Chennai,IteratedWatershed,3,18,50189.803632957715
1,Chennai,KMeans,3,18,144552.28868105393
2,Chennai,KCenters,3,18,68412.72363094328
0,Chennai,IteratedWatershed,3,19,49263.30648748904
1,Chennai,KMeans,3,19,73176.42053811214
2,Chennai,KCenters,3,19,87713.34437645209
0,Chennai,IteratedWatershed,6,0,36466.51825258375
1,Chennai,KMeans,6,0,41666.84351959714
2,Chennai,KCenters,6,0,146859.6743826222
0,Chennai,IteratedWatershed,6,1,35079.427747496564
1,Chennai,KMeans,6,1,40616.89152133317
2,Chennai,KCenters,6,1,132157.4290212155
0,Chennai,IteratedWatershed,6,2,35951.01844870064
1,Chennai,KMeans,6,2,41720.396624286375
2,Chennai,KCenters,6,2,96661.34082182565
0,Chennai,IteratedWatershed,6,3,34292.08495334914
1,Chennai,KMeans,6,3,43431.50050510663
2,Chennai,KCenters,6,3,72388.94657927292
0,Chennai,IteratedWatershed,6,4,35097.25171754637
1,Chennai,KMeans,6,4,41720.396624286375
2,Chennai,KCenters,6,4,109578.87767413973
0,Chennai,IteratedWatershed,6,5,35241.37073460482
1,Chennai,KMeans,6,5,39070.15466884224
2,Chennai,KCenters,6,5,65856.23542250748
0,Chennai,IteratedWatershed,6,6,35827.87885278081
1,Chennai,KMeans,6,6,43431.50050510663
2,Chennai,KCenters,6,6,84700.56348301281
0,Chennai,IteratedWatershed,6,7,34534.536407546686
1,Chennai,KMeans,6,7,40616.89152133317
2,Chennai,KCenters,6,7,70490.82896247192
0,Chennai,IteratedWatershed,6,8,34960.17672196722
1,Chennai,KMeans,6,8,39070.15466884224
2,Chennai,KCenters,6,8,102946.02632439446
0,Chennai,IteratedWatershed,6,9,35175.535468256945
1,Chennai,KMeans,6,9,40616.89152133317
2,Chennai,KCenters,6,9,71772.2332959133
0,Chennai,IteratedWatershed,6,10,36330.28482232612
1,Chennai,KMeans,6,10,40616.89152133317
2,Chennai,KCenters,6,10,111852.52523793673
0,Chennai,IteratedWatershed,6,11,36284.649917424205
1,Chennai,KMeans,6,11,41666.84351959714
2,Chennai,KCenters,6,11,132425.63572390503
0,Chennai,IteratedWatershed,6,12,36156.12896687699
1,Chennai,KMeans,6,12,43431.50050510663
2,Chennai,KCenters,6,12,135140.31540774938
0,Chennai,IteratedWatershed,6,13,35518.022159738175
1,Chennai,KMeans,6,13,41720.396624286375
2,Chennai,KCenters,6,13,81686.73121628308
0,Chennai,IteratedWatershed,6,14,34803.98084402431
1,Chennai,KMeans,6,14,43431.50050510663
2,Chennai,KCenters,6,14,100403.68852957495
0,Chennai,IteratedWatershed,6,15,36339.42934592896
1,Chennai,KMeans,6,15,39070.15466884224
2,Chennai,KCenters,6,15,82576.41829073284
0,Chennai,IteratedWatershed,6,16,36189.00356089432
1,Chennai,KMeans,6,16,43431.50050510663
2,Chennai,KCenters,6,16,64835.49918930369
0,Chennai,IteratedWatershed,6,17,36345.304029429935
1,Chennai,KMeans,6,17,43431.50050510663
2,Chennai,KCenters,6,17,98542.91482768524
0,Chennai,IteratedWatershed,6,18,37968.845083409076
1,Chennai,KMeans,6,18,43431.50050510663
2,Chennai,KCenters,6,18,96692.05341105042
0,Chennai,IteratedWatershed,6,19,36131.3259516766
1,Chennai,KMeans,6,19,43431.50050510663
2,Chennai,KCenters,6,19,96987.48877375986
0,Chennai,IteratedWatershed,9,0,30166.052528093307
1,Chennai,KMeans,9,0,36344.15722768025
2,Chennai,KCenters,9,0,65279.28326732447
0,Chennai,IteratedWatershed,9,1,30230.40830675361
1,Chennai,KMeans,9,1,35054.864349721654
2,Chennai,KCenters,9,1,80658.24527711164
0,Chennai,IteratedWatershed,9,2,30418.43475953744
1,Chennai,KMeans,9,2,35054.864349721654
2,Chennai,KCenters,9,2,60206.28243872296
0,Chennai,IteratedWatershed,9,3,30979.97018438782
1,Chennai,KMeans,9,3,35054.864349721654
2,Chennai,KCenters,9,3,91648.47341107542
0,Chennai,IteratedWatershed,9,4,29105.725106597725
1,Chennai,KMeans,9,4,35054.864349721654
2,Chennai,KCenters,9,4,79952.44976717976
0,Chennai,IteratedWatershed,9,5,30234.69605967255
1,Chennai,KMeans,9,5,35054.864349721654
2,Chennai,KCenters,9,5,61446.991744333944
0,Chennai,IteratedWatershed,9,6,30110.270246321437
1,Chennai,KMeans,9,6,35054.864349721654
2,Chennai,KCenters,9,6,61337.66970367868
0,Chennai,IteratedWatershed,9,7,29681.33988814756
1,Chennai,KMeans,9,7,39543.51167072351
2,Chennai,KCenters,9,7,59666.53348985202
0,Chennai,IteratedWatershed,9,8,30724.787449707175
1,Chennai,KMeans,9,8,36081.132407250654
2,Chennai,KCenters,9,8,77544.4166650868
0,Chennai,IteratedWatershed,9,9,31456.28652474815
1,Chennai,KMeans,9,9,35495.70185485683
2,Chennai,KCenters,9,9,83879.57151215302
0,Chennai,IteratedWatershed,9,10,30742.331370176023
1,Chennai,KMeans,9,10,36074.86876506836
2,Chennai,KCenters,9,10,91259.04391184558
0,Chennai,IteratedWatershed,9,11,31301.834268923834
1,Chennai,KMeans,9,11,35054.864349721654
2,Chennai,KCenters,9,11,89523.10138291123
0,Chennai,IteratedWatershed,9,12,30079.214252821348
1,Chennai,KMeans,9,12,35054.864349721654
2,Chennai,KCenters,9,12,80347.75049328047
0,Chennai,IteratedWatershed,9,13,29373.776621846195
1,Chennai,KMeans,9,13,35054.864349721654
2,Chennai,KCenters,9,13,103995.35141659589
0,Chennai,IteratedWatershed,9,14,30480.066813642854
1,Chennai,KMeans,9,14,35054.864349721654
2,Chennai,KCenters,9,14,71931.7161104004
0,Chennai,IteratedWatershed,9,15,31213.903080663218
1,Chennai,KMeans,9,15,39631.14334663476
2,Chennai,KCenters,9,15,81216.97986535718
0,Chennai,IteratedWatershed,9,16,31902.674038925805
1,Chennai,KMeans,9,16,35054.864349721654
2,Chennai,KCenters,9,16,64077.84599173692
0,Chennai,IteratedWatershed,9,17,29876.71140583639
1,Chennai,KMeans,9,17,35495.70185485683
2,Chennai,KCenters,9,17,79765.87046659914
0,Chennai,IteratedWatershed,9,18,29806.189794737096
1,Chennai,KMeans,9,18,37158.25432326808
2,Chennai,KCenters,9,18,57370.43418310949
0,Chennai,IteratedWatershed,9,19,30051.710382318084
1,Chennai,KMeans,9,19,34281.591696956726
2,Chennai,KCenters,9,19,118102.72217254521
0,Chennai,IteratedWatershed,12,0,27035.711399297103
1,Chennai,KMeans,12,0,31648.298005577257
2,Chennai,KCenters,12,0,62351.5885408931
0,Chennai,IteratedWatershed,12,1,26847.629129233093
1,Chennai,KMeans,12,1,31697.167709126625
2,Chennai,KCenters,12,1,59766.106775360764
0,Chennai,IteratedWatershed,12,2,26566.96128130386
1,Chennai,KMeans,12,2,31648.298005577257
2,Chennai,KCenters,12,2,74204.52560176232
0,Chennai,IteratedWatershed,12,3,27261.93374514431
1,Chennai,KMeans,12,3,35638.9514785252
2,Chennai,KCenters,12,3,66982.6620020848
0,Chennai,IteratedWatershed,12,4,26733.732654147294
1,Chennai,KMeans,12,4,31648.298005577257
2,Chennai,KCenters,12,4,56298.24786820024
0,Chennai,IteratedWatershed,12,5,26734.800863058997
1,Chennai,KMeans,12,5,31613.569029646787
2,Chennai,KCenters,12,5,56905.66082258196
0,Chennai,IteratedWatershed,12,6,26402.047999751085
1,Chennai,KMeans,12,6,31613.569029646787
2,Chennai,KCenters,12,6,62794.206074088346
0,Chennai,IteratedWatershed,12,7,27699.163897707025
1,Chennai,KMeans,12,7,31648.298005577257
2,Chennai,KCenters,12,7,63304.42512760819
0,Chennai,IteratedWatershed,12,8,26232.779061032026
1,Chennai,KMeans,12,8,31613.569029646787
2,Chennai,KCenters,12,8,91462.49110361876
0,Chennai,IteratedWatershed,12,9,26770.2906262086
1,Chennai,KMeans,12,9,31613.569029646787
2,Chennai,KCenters,12,9,77109.22852156333
0,Chennai,IteratedWatershed,12,10,27202.622995136993
1,Chennai,KMeans,12,10,31613.569029646787
2,Chennai,KCenters,12,10,59516.96172171876
0,Chennai,IteratedWatershed,12,11,27094.344091525636
1,Chennai,KMeans,12,11,31613.569029646787
2,Chennai,KCenters,12,11,75419.73465560841
0,Chennai,IteratedWatershed,12,12,26747.883260668186
1,Chennai,KMeans,12,12,31613.569029646787
2,Chennai,KCenters,12,12,61676.93114054698
0,Chennai,IteratedWatershed,12,13,25520.34566814063
1,Chennai,KMeans,12,13,31505.84547091269
2,Chennai,KCenters,12,13,59637.778030306734
0,Chennai,IteratedWatershed,12,14,27133.471727167864
1,Chennai,KMeans,12,14,31697.167709126625
2,Chennai,KCenters,12,14,57955.83086820235
0,Chennai,IteratedWatershed,12,15,26470.931778134163
1,Chennai,KMeans,12,15,30471.391563909034
2,Chennai,KCenters,12,15,77379.37088543057
0,Chennai,IteratedWatershed,12,16,26299.431091284314
1,Chennai,KMeans,12,16,31613.569029646787
2,Chennai,KCenters,12,16,65392.70664449376
0,Chennai,IteratedWatershed,12,17,27435.56563887024
1,Chennai,KMeans,12,17,31613.569029646787
2,Chennai,KCenters,12,17,79137.20708781891
0,Chennai,IteratedWatershed,12,18,26149.51500500233
1,Chennai,KMeans,12,18,31613.569029646787
2,Chennai,KCenters,12,18,55257.34079281664
0,Chennai,IteratedWatershed,12,19,26031.930727591214
1,Chennai,KMeans,12,19,31613.569029646787
2,Chennai,KCenters,12,19,67032.02615531515
0,Chennai,IteratedWatershed,15,0,24589.070174835757
1,Chennai,KMeans,15,0,26570.13192563112
2,Chennai,KCenters,15,0,57206.47673422151
0,Chennai,IteratedWatershed,15,1,24929.42438160603
1,Chennai,KMeans,15,1,28593.305954398948
2,Chennai,KCenters,15,1,58461.1775731541
0,Chennai,IteratedWatershed,15,2,24513.810355156264
1,Chennai,KMeans,15,2,27896.893754970835
2,Chennai,KCenters,15,2,58095.02381543691
0,Chennai,IteratedWatershed,15,3,24505.519792951985
1,Chennai,KMeans,15,3,29129.73143455497
2,Chennai,KCenters,15,3,57278.31561363509
0,Chennai,IteratedWatershed,15,4,23942.39998846638
1,Chennai,KMeans,15,4,26804.97842838626
2,Chennai,KCenters,15,4,80059.2701843647
0,Chennai,IteratedWatershed,15,5,25242.07436829387
1,Chennai,KMeans,15,5,29095.910494845615
2,Chennai,KCenters,15,5,79045.45817397897
0,Chennai,IteratedWatershed,15,6,24690.217817435907
1,Chennai,KMeans,15,6,26501.33940507264
2,Chennai,KCenters,15,6,63380.64120423826
0,Chennai,IteratedWatershed,15,7,24153.250195821623
1,Chennai,KMeans,15,7,26363.735681868337
2,Chennai,KCenters,15,7,59982.21669392704
0,Chennai,IteratedWatershed,15,8,24011.0022744051
1,Chennai,KMeans,15,8,26207.996475213622
2,Chennai,KCenters,15,8,64215.47071518978
0,Chennai,IteratedWatershed,15,9,24661.202535197033
1,Chennai,KMeans,15,9,28117.08638058086
2,Chennai,KCenters,15,9,60564.657281326334
0,Chennai,IteratedWatershed,15,10,24762.263791732814
1,Chennai,KMeans,15,10,26570.13192563112
2,Chennai,KCenters,15,10,54956.12479477734
0,Chennai,IteratedWatershed,15,11,23769.6415386288
1,Chennai,KMeans,15,11,28077.78622366182
2,Chennai,KCenters,15,11,59992.82606571082
0,Chennai,IteratedWatershed,15,12,24395.882651339212
1,Chennai,KMeans,15,12,27725.879661200852
2,Chennai,KCenters,15,12,81989.97702535371
0,Chennai,IteratedWatershed,15,13,23736.538594445912
1,Chennai,KMeans,15,13,27663.162538680044
2,Chennai,KCenters,15,13,55623.08884542294
0,Chennai,IteratedWatershed,15,14,25116.086647314907
1,Chennai,KMeans,15,14,26570.13192563112
2,Chennai,KCenters,15,14,54228.9861455396
0,Chennai,IteratedWatershed,15,15,24457.960065033236
1,Chennai,KMeans,15,15,26570.13192563112
2,Chennai,KCenters,15,15,67289.34548703484
0,Chennai,IteratedWatershed,15,16,24278.3883104884
1,Chennai,KMeans,15,16,28180.295538178856
2,Chennai,KCenters,15,16,72188.67707774193
0,Chennai,IteratedWatershed,15,17,24438.24721557758
1,Chennai,KMeans,15,17,27294.6891112034
2,Chennai,KCenters,15,17,63561.386602263556
0,Chennai,IteratedWatershed,15,18,24815.416215954592
1,Chennai,KMeans,15,18,27232.259984004057
2,Chennai,KCenters,15,18,61311.48049203721
0,Chennai,IteratedWatershed,15,19,23969.78043669034
1,Chennai,KMeans,15,19,29515.172409617666
2,Chennai,KCenters,15,19,61408.50940916516
0,Bengaluru,IteratedWatershed,3,0,123956.41124480472
1,Bengaluru,KMeans,3,0,219508.02079207636
2,Bengaluru,KCenters,3,0,154466.4970704268
0,Bengaluru,IteratedWatershed,3,1,127604.52183400346
1,Bengaluru,KMeans,3,1,219508.02079207636
2,Bengaluru,KCenters,3,1,156630.93838749733
0,Bengaluru,IteratedWatershed,3,2,119816.3831066399
1,Bengaluru,KMeans,3,2,219508.02079207636
2,Bengaluru,KCenters,3,2,173487.95764178835
0,Bengaluru,IteratedWatershed,3,3,128624.59600687289
1,Bengaluru,KMeans,3,3,219508.02079207636
2,Bengaluru,KCenters,3,3,146957.15735747473
0,Bengaluru,IteratedWatershed,3,4,127487.99393165525
1,Bengaluru,KMeans,3,4,219508.02079207636
2,Bengaluru,KCenters,3,4,475973.80760915624
0,Bengaluru,IteratedWatershed,3,5,124692.8671639277
1,Bengaluru,KMeans,3,5,219508.02079207636
2,Bengaluru,KCenters,3,5,304977.65337332105
0,Bengaluru,IteratedWatershed,3,6,128594.18427090983
1,Bengaluru,KMeans,3,6,219508.02079207636
2,Bengaluru,KCenters,3,6,157080.8622416044
0,Bengaluru,IteratedWatershed,3,7,124962.24244379312
1,Bengaluru,KMeans,3,7,219508.02079207636
2,Bengaluru,KCenters,3,7,382676.35953013314
0,Bengaluru,IteratedWatershed,3,8,124263.4053279189
1,Bengaluru,KMeans,3,8,219508.02079207636
2,Bengaluru,KCenters,3,8,378304.7081340859
0,Bengaluru,IteratedWatershed,3,9,130267.10342151894
1,Bengaluru,KMeans,3,9,219508.02079207636
2,Bengaluru,KCenters,3,9,372671.98691787303
0,Bengaluru,IteratedWatershed,3,10,127079.65069958876
1,Bengaluru,KMeans,3,10,219508.02079207636
2,Bengaluru,KCenters,3,10,342511.2089618902
0,Bengaluru,IteratedWatershed,3,11,122581.12026506894
1,Bengaluru,KMeans,3,11,219508.02079207636
2,Bengaluru,KCenters,3,11,145855.18901943852
0,Bengaluru,IteratedWatershed,3,12,126630.92250440975
1,Bengaluru,KMeans,3,12,219508.02079207636
2,Bengaluru,KCenters,3,12,274428.2099734274
0,Bengaluru,IteratedWatershed,3,13,127151.02690592164
1,Bengaluru,KMeans,3,13,219508.02079207636
2,Bengaluru,KCenters,3,13,142934.1776430162
0,Bengaluru,IteratedWatershed,3,14,121048.55054340954
1,Bengaluru,KMeans,3,14,219508.02079207636
2,Bengaluru,KCenters,3,14,152541.62755546285
0,Bengaluru,IteratedWatershed,3,15,127168.8339146972
1,Bengaluru,KMeans,3,15,219508.02079207636
2,Bengaluru,KCenters,3,15,167111.94650056257
0,Bengaluru,IteratedWatershed,3,16,123066.61940640444
1,Bengaluru,KMeans,3,16,219508.02079207636
2,Bengaluru,KCenters,3,16,402747.4826494994
0,Bengaluru,IteratedWatershed,3,17,122095.70500679206
1,Bengaluru,KMeans,3,17,219508.02079207636
2,Bengaluru,KCenters,3,17,151758.76911403215
0,Bengaluru,IteratedWatershed,3,18,121154.1476085748
1,Bengaluru,KMeans,3,18,219508.02079207636
2,Bengaluru,KCenters,3,18,168899.56970927076
0,Bengaluru,IteratedWatershed,3,19,127756.60789624718
1,Bengaluru,KMeans,3,19,219508.02079207636
2,Bengaluru,KCenters,3,19,169039.6392853849
0,Bengaluru,IteratedWatershed,6,0,95641.91659633996
1,Bengaluru,KMeans,6,0,100132.83977773956
2,Bengaluru,KCenters,6,0,144723.54749291277
0,Bengaluru,IteratedWatershed,6,1,91269.43711498883
1,Bengaluru,KMeans,6,1,95608.57772171964
2,Bengaluru,KCenters,6,1,144175.93083579154
0,Bengaluru,IteratedWatershed,6,2,89324.69517064284
1,Bengaluru,KMeans,6,2,104492.08147109982
2,Bengaluru,KCenters,6,2,257500.1930273541
0,Bengaluru,IteratedWatershed,6,3,96258.53831991728
1,Bengaluru,KMeans,6,3,95608.57772171964
2,Bengaluru,KCenters,6,3,137870.49501022953
0,Bengaluru,IteratedWatershed,6,4,89627.35561339626
1,Bengaluru,KMeans,6,4,95608.57772171964
2,Bengaluru,KCenters,6,4,139809.29507594707
0,Bengaluru,IteratedWatershed,6,5,94910.98327463272
1,Bengaluru,KMeans,6,5,104492.08147109982
2,Bengaluru,KCenters,6,5,137251.11274547153
0,Bengaluru,IteratedWatershed,6,6,89403.78969927823
1,Bengaluru,KMeans,6,6,95608.57772171964
2,Bengaluru,KCenters,6,6,230991.7686333872
0,Bengaluru,IteratedWatershed,6,7,88490.70982756326
1,Bengaluru,KMeans,6,7,104492.08147109982
2,Bengaluru,KCenters,6,7,182560.57112276947
0,Bengaluru,IteratedWatershed,6,8,88761.45926060765
1,Bengaluru,KMeans,6,8,95608.57772171964
2,Bengaluru,KCenters,6,8,258361.96747496625
0,Bengaluru,IteratedWatershed,6,9,93729.37434894306
1,Bengaluru,KMeans,6,9,95608.57772171964
2,Bengaluru,KCenters,6,9,175733.55878433536
0,Bengaluru,IteratedWatershed,6,10,96435.41201514607
1,Bengaluru,KMeans,6,10,100132.83977773956
2,Bengaluru,KCenters,6,10,181090.28130487786
0,Bengaluru,IteratedWatershed,6,11,95144.07739968906
1,Bengaluru,KMeans,6,11,95608.57772171964
2,Bengaluru,KCenters,6,11,180863.43098765184
0,Bengaluru,IteratedWatershed,6,12,88763.96743420014
1,Bengaluru,KMeans,6,12,95608.57772171964
2,Bengaluru,KCenters,6,12,164128.39924850364
0,Bengaluru,IteratedWatershed,6,13,88771.1966232659
1,Bengaluru,KMeans,6,13,100132.83977773956
2,Bengaluru,KCenters,6,13,154362.82778863434
0,Bengaluru,IteratedWatershed,6,14,93030.14300218933
1,Bengaluru,KMeans,6,14,95608.57772171964
2,Bengaluru,KCenters,6,14,142179.0655162653
0,Bengaluru,IteratedWatershed,6,15,89244.13544770358
1,Bengaluru,KMeans,6,15,95608.57772171964
2,Bengaluru,KCenters,6,15,255658.67942285066
0,Bengaluru,IteratedWatershed,6,16,88512.652703434
1,Bengaluru,KMeans,6,16,100132.83977773956
2,Bengaluru,KCenters,6,16,342126.3497894754
0,Bengaluru,IteratedWatershed,6,17,90693.09460305182
1,Bengaluru,KMeans,6,17,95608.57772171964
2,Bengaluru,KCenters,6,17,156555.51956539555
0,Bengaluru,IteratedWatershed,6,18,90356.1848127291
1,Bengaluru,KMeans,6,18,95608.57772171964
2,Bengaluru,KCenters,6,18,139427.09390606903
0,Bengaluru,IteratedWatershed,6,19,88831.71474683183
1,Bengaluru,KMeans,6,19,100132.83977773956
2,Bengaluru,KCenters,6,19,135937.66815854277
0,Bengaluru,IteratedWatershed,9,0,76327.96335667258
1,Bengaluru,KMeans,9,0,81168.33497559953
2,Bengaluru,KCenters,9,0,135293.20091149057
0,Bengaluru,IteratedWatershed,9,1,75311.04204788871
1,Bengaluru,KMeans,9,1,80073.84448888018
2,Bengaluru,KCenters,9,1,133889.24028989457
0,Bengaluru,IteratedWatershed,9,2,80040.73856955385
1,Bengaluru,KMeans,9,2,77997.33546479998
2,Bengaluru,KCenters,9,2,160162.21577234977
0,Bengaluru,IteratedWatershed,9,3,75037.02887144097
1,Bengaluru,KMeans,9,3,78671.34029957428
2,Bengaluru,KCenters,9,3,333184.8556105287
0,Bengaluru,IteratedWatershed,9,4,73770.35993874496
1,Bengaluru,KMeans,9,4,87777.81682484383
2,Bengaluru,KCenters,9,4,283313.52728926955
0,Bengaluru,IteratedWatershed,9,5,71256.02279676928
1,Bengaluru,KMeans,9,5,78749.76711352922
2,Bengaluru,KCenters,9,5,139872.95534551886
0,Bengaluru,IteratedWatershed,9,6,76941.7501819262
1,Bengaluru,KMeans,9,6,80073.84448888018
2,Bengaluru,KCenters,9,6,249841.1435246935
0,Bengaluru,IteratedWatershed,9,7,78094.5339281094
1,Bengaluru,KMeans,9,7,79505.19301514256
2,Bengaluru,KCenters,9,7,182750.866603708
0,Bengaluru,IteratedWatershed,9,8,79417.0737567331
1,Bengaluru,KMeans,9,8,84355.2781217957
2,Bengaluru,KCenters,9,8,162887.69284926876
0,Bengaluru,IteratedWatershed,9,9,78030.35290620796
1,Bengaluru,KMeans,9,9,81168.33497559953
2,Bengaluru,KCenters,9,9,270329.99755130475
0,Bengaluru,IteratedWatershed,9,10,75019.25384186444
1,Bengaluru,KMeans,9,10,82309.07421061026
2,Bengaluru,KCenters,9,10,155640.28382858788
0,Bengaluru,IteratedWatershed,9,11,76007.72568146573
1,Bengaluru,KMeans,9,11,85016.82827515004
2,Bengaluru,KCenters,9,11,143788.3504478372
0,Bengaluru,IteratedWatershed,9,12,74323.91683141442
1,Bengaluru,KMeans,9,12,94697.59673265676
2,Bengaluru,KCenters,9,12,165668.54096762693
0,Bengaluru,IteratedWatershed,9,13,76894.65863860097
1,Bengaluru,KMeans,9,13,78749.76711352922
2,Bengaluru,KCenters,9,13,158750.20526810142
0,Bengaluru,IteratedWatershed,9,14,76854.67475066405
1,Bengaluru,KMeans,9,14,84798.93067663198
2,Bengaluru,KCenters,9,14,141986.732281295
0,Bengaluru,IteratedWatershed,9,15,77842.73906000043
1,Bengaluru,KMeans,9,15,97889.26304660318
2,Bengaluru,KCenters,9,15,275447.10925781314
0,Bengaluru,IteratedWatershed,9,16,76211.75886667022
1,Bengaluru,KMeans,9,16,80073.84448888018
2,Bengaluru,KCenters,9,16,134121.54119737024
0,Bengaluru,IteratedWatershed,9,17,76681.23971364908
1,Bengaluru,KMeans,9,17,81168.33497559953
2,Bengaluru,KCenters,9,17,168329.09862138267
0,Bengaluru,IteratedWatershed,9,18,77228.70230258719
1,Bengaluru,KMeans,9,18,83221.32511124112
2,Bengaluru,KCenters,9,18,297237.22122208204
0,Bengaluru,IteratedWatershed,9,19,77302.81245222413
1,Bengaluru,KMeans,9,19,85315.88913263901
2,Bengaluru,KCenters,9,19,134936.03500550735
0,Bengaluru,IteratedWatershed,12,0,67494.45073255486
1,Bengaluru,KMeans,12,0,78878.88218448967
2,Bengaluru,KCenters,12,0,148916.83710609988
0,Bengaluru,IteratedWatershed,12,1,69940.38973590013
1,Bengaluru,KMeans,12,1,74549.42685512122
2,Bengaluru,KCenters,12,1,173359.67777799367
0,Bengaluru,IteratedWatershed,12,2,64396.69430697012
1,Bengaluru,KMeans,12,2,80245.61324049611
2,Bengaluru,KCenters,12,2,144291.21102679425
0,Bengaluru,IteratedWatershed,12,3,62615.272211318515
1,Bengaluru,KMeans,12,3,81541.93901258237
2,Bengaluru,KCenters,12,3,133019.3118925263
0,Bengaluru,IteratedWatershed,12,4,67019.96327025026
1,Bengaluru,KMeans,12,4,78878.88218448967
2,Bengaluru,KCenters,12,4,127551.37218748569
0,Bengaluru,IteratedWatershed,12,5,67351.99417902544
1,Bengaluru,KMeans,12,5,80309.48467296876
2,Bengaluru,KCenters,12,5,194430.70474631508
0,Bengaluru,IteratedWatershed,12,6,65170.27690106885
1,Bengaluru,KMeans,12,6,74551.45049490352
2,Bengaluru,KCenters,12,6,232793.25528571729
0,Bengaluru,IteratedWatershed,12,7,65711.07083085313
1,Bengaluru,KMeans,12,7,74549.42685512122
2,Bengaluru,KCenters,12,7,145652.29460634853
0,Bengaluru,IteratedWatershed,12,8,65996.55261234239
1,Bengaluru,KMeans,12,8,82485.11607465082
2,Bengaluru,KCenters,12,8,217097.6989906507
0,Bengaluru,IteratedWatershed,12,9,68456.78709904516
1,Bengaluru,KMeans,12,9,80245.61324049611
2,Bengaluru,KCenters,12,9,131510.59669037018
0,Bengaluru,IteratedWatershed,12,10,63898.93200535255
1,Bengaluru,KMeans,12,10,79362.48683916227
2,Bengaluru,KCenters,12,10,131055.71864088599
0,Bengaluru,IteratedWatershed,12,11,64180.513321674356
1,Bengaluru,KMeans,12,11,79735.32296074173
2,Bengaluru,KCenters,12,11,227410.11475428738
0,Bengaluru,IteratedWatershed,12,12,64638.694580846306
1,Bengaluru,KMeans,12,12,79163.12532285265
2,Bengaluru,KCenters,12,12,139367.5069752115
0,Bengaluru,IteratedWatershed,12,13,67228.67872607254
1,Bengaluru,KMeans,12,13,81891.22325374953
2,Bengaluru,KCenters,12,13,180716.5536609289
0,Bengaluru,IteratedWatershed,12,14,65489.45130839456
1,Bengaluru,KMeans,12,14,82277.31854551552
2,Bengaluru,KCenters,12,14,200775.56052207784
0,Bengaluru,IteratedWatershed,12,15,63318.73628756395
1,Bengaluru,KMeans,12,15,78878.88218448967
2,Bengaluru,KCenters,12,15,134094.63835193226
0,Bengaluru,IteratedWatershed,12,16,64177.28353276632
1,Bengaluru,KMeans,12,16,79163.12532285265
2,Bengaluru,KCenters,12,16,142892.84750375367
0,Bengaluru,IteratedWatershed,12,17,64265.746455705084
1,Bengaluru,KMeans,12,17,78878.88218448967
2,Bengaluru,KCenters,12,17,187833.4239589758
0,Bengaluru,IteratedWatershed,12,18,64501.999803295985
1,Bengaluru,KMeans,12,18,78878.88218448967
2,Bengaluru,KCenters,12,18,172530.6914257378
0,Bengaluru,IteratedWatershed,12,19,66210.27656966085
1,Bengaluru,KMeans,12,19,78878.88218448967
2,Bengaluru,KCenters,12,19,168207.17928985073
0,Bengaluru,IteratedWatershed,15,0,57814.581006513996
1,Bengaluru,KMeans,15,0,70303.72888286169
2,Bengaluru,KCenters,15,0,172926.60410688294
0,Bengaluru,IteratedWatershed,15,1,56952.192025342934
1,Bengaluru,KMeans,15,1,67039.31939351653
2,Bengaluru,KCenters,15,1,130429.37196548343
0,Bengaluru,IteratedWatershed,15,2,57962.645041502765
1,Bengaluru,KMeans,15,2,71227.87103973272
2,Bengaluru,KCenters,15,2,189796.71436978783
0,Bengaluru,IteratedWatershed,15,3,59894.184942009866
1,Bengaluru,KMeans,15,3,67696.90290898964
2,Bengaluru,KCenters,15,3,133634.57847530043
0,Bengaluru,IteratedWatershed,15,4,57498.21482467654
1,Bengaluru,KMeans,15,4,66291.71277411154
2,Bengaluru,KCenters,15,4,126554.72218352326
0,Bengaluru,IteratedWatershed,15,5,54755.50102760598
1,Bengaluru,KMeans,15,5,67280.43054179219
2,Bengaluru,KCenters,15,5,150334.76022144017
0,Bengaluru,IteratedWatershed,15,6,58387.51285607175
1,Bengaluru,KMeans,15,6,67794.39459678874
2,Bengaluru,KCenters,15,6,159363.05658051168
0,Bengaluru,IteratedWatershed,15,7,57496.53769593507
1,Bengaluru,KMeans,15,7,66033.35040148585
2,Bengaluru,KCenters,15,7,248923.5700501142
0,Bengaluru,IteratedWatershed,15,8,59047.816315181415
1,Bengaluru,KMeans,15,8,65377.47247046465
2,Bengaluru,KCenters,15,8,131263.93637819518
0,Bengaluru,IteratedWatershed,15,9,56732.95081094146
1,Bengaluru,KMeans,15,9,66605.77660832998
2,Bengaluru,KCenters,15,9,173492.19872708718
0,Bengaluru,IteratedWatershed,15,10,58308.548316744076
1,Bengaluru,KMeans,15,10,68705.11174094303
2,Bengaluru,KCenters,15,10,188199.79468099886
0,Bengaluru,IteratedWatershed,15,11,57232.76896835242
1,Bengaluru,KMeans,15,11,63490.1218730322
2,Bengaluru,KCenters,15,11,122551.30171657473
0,Bengaluru,IteratedWatershed,15,12,57666.276829600734
1,Bengaluru,KMeans,15,12,67093.62925132876
2,Bengaluru,KCenters,15,12,123379.24563549597
0,Bengaluru,IteratedWatershed,15,13,57730.943101539895
1,Bengaluru,KMeans,15,13,70642.04070568386
2,Bengaluru,KCenters,15,13,189986.17024150048
0,Bengaluru,IteratedWatershed,15,14,56914.05493625916
1,Bengaluru,KMeans,15,14,70126.37594394806
2,Bengaluru,KCenters,15,14,211489.21403513494
0,Bengaluru,IteratedWatershed,15,15,56238.14771251164
1,Bengaluru,KMeans,15,15,66580.4995248473
2,Bengaluru,KCenters,15,15,134896.98862654212
0,Bengaluru,IteratedWatershed,15,16,57806.388412088796
1,Bengaluru,KMeans,15,16,72605.78058999545
2,Bengaluru,KCenters,15,16,151963.46531408848
0,Bengaluru,IteratedWatershed,15,17,56762.4530905419
1,Bengaluru,KMeans,15,17,71029.20486746909
2,Bengaluru,KCenters,15,17,145073.22958239305
0,Bengaluru,IteratedWatershed,15,18,57056.228002937954
1,Bengaluru,KMeans,15,18,63490.1218730322
2,Bengaluru,KCenters,15,18,144647.3655179541
0,Bengaluru,IteratedWatershed,15,19,57713.056860383855
1,Bengaluru,KMeans,15,19,66794.10269866372
2,Bengaluru,KCenters,15,19,188042.13547543559
0,Calcutta,IteratedWatershed,3,0,21827.4421282984
1,Calcutta,KMeans,3,0,24313.720542788433
2,Calcutta,KCenters,3,0,69466.38005472842
0,Calcutta,IteratedWatershed,3,1,22158.11266045673
1,Calcutta,KMeans,3,1,24313.720542788433
2,Calcutta,KCenters,3,1,52455.98526020408
0,Calcutta,IteratedWatershed,3,2,21750.671713006035
1,Calcutta,KMeans,3,2,24313.720542788433
2,Calcutta,KCenters,3,2,67778.03673695493
0,Calcutta,IteratedWatershed,3,3,21509.59698486625
1,Calcutta,KMeans,3,3,24313.720542788433
2,Calcutta,KCenters,3,3,64363.63684139397
0,Calcutta,IteratedWatershed,3,4,24463.24008231394
1,Calcutta,KMeans,3,4,24313.720542788433
2,Calcutta,KCenters,3,4,49939.196374974905
0,Calcutta,IteratedWatershed,3,5,22338.39844090439
1,Calcutta,KMeans,3,5,24313.720542788433
2,Calcutta,KCenters,3,5,50688.78914062239
0,Calcutta,IteratedWatershed,3,6,22272.633599762125
1,Calcutta,KMeans,3,6,24313.720542788433
2,Calcutta,KCenters,3,6,64225.76551542226
0,Calcutta,IteratedWatershed,3,7,21989.278770563407
1,Calcutta,KMeans,3,7,24313.720542788433
2,Calcutta,KCenters,3,7,58635.2401450679
0,Calcutta,IteratedWatershed,3,8,21300.193720367417
1,Calcutta,KMeans,3,8,24313.720542788433
2,Calcutta,KCenters,3,8,75477.1033802515
0,Calcutta,IteratedWatershed,3,9,21538.233121255696
1,Calcutta,KMeans,3,9,22558.49374183507
2,Calcutta,KCenters,3,9,63796.868322966766
0,Calcutta,IteratedWatershed,3,10,21771.58352608412
1,Calcutta,KMeans,3,10,24313.720542788433
2,Calcutta,KCenters,3,10,71832.89314900071
0,Calcutta,IteratedWatershed,3,11,21538.233121255696
1,Calcutta,KMeans,3,11,24313.720542788433
2,Calcutta,KCenters,3,11,46858.64442750353
0,Calcutta,IteratedWatershed,3,12,22158.11266045673
1,Calcutta,KMeans,3,12,24313.720542788433
2,Calcutta,KCenters,3,12,69534.57557030409
0,Calcutta,IteratedWatershed,3,13,21771.58352608412
1,Calcutta,KMeans,3,13,22532.266683134294
2,Calcutta,KCenters,3,13,57982.07682275396
0,Calcutta,IteratedWatershed,3,14,23686.5608438047
1,Calcutta,KMeans,3,14,24313.720542788433
2,Calcutta,KCenters,3,14,40004.7459274216
0,Calcutta,IteratedWatershed,3,15,22258.4596077327
1,Calcutta,KMeans,3,15,24313.720542788433
2,Calcutta,KCenters,3,15,44579.11225334581
0,Calcutta,IteratedWatershed,3,16,21767.870426993275
1,Calcutta,KMeans,3,16,24313.720542788433
2,Calcutta,KCenters,3,16,45601.016925878015
0,Calcutta,IteratedWatershed,3,17,22097.796759329245
1,Calcutta,KMeans,3,17,24313.720542788433
2,Calcutta,KCenters,3,17,53755.092327397586
0,Calcutta,IteratedWatershed,3,18,21292.90971872563
1,Calcutta,KMeans,3,18,24313.720542788433
2,Calcutta,KCenters,3,18,80745.44236378802
0,Calcutta,IteratedWatershed,3,19,22191.300154278095
1,Calcutta,KMeans,3,19,24313.720542788433
2,Calcutta,KCenters,3,19,44468.628342574826
0,Calcutta,IteratedWatershed,6,0,15395.360848209593
1,Calcutta,KMeans,6,0,16494.132835857286
2,Calcutta,KCenters,6,0,55343.18337002786
0,Calcutta,IteratedWatershed,6,1,15926.199354683811
1,Calcutta,KMeans,6,1,16022.765732437932
2,Calcutta,KCenters,6,1,53983.514079055385
0,Calcutta,IteratedWatershed,6,2,15387.172182692348
1,Calcutta,KMeans,6,2,15827.479436894093
2,Calcutta,KCenters,6,2,50394.49974433938
0,Calcutta,IteratedWatershed,6,3,15060.59542140728
1,Calcutta,KMeans,6,3,16990.20094802905
2,Calcutta,KCenters,6,3,71430.57861681568
0,Calcutta,IteratedWatershed,6,4,15060.59542140728
1,Calcutta,KMeans,6,4,16022.765732437932
2,Calcutta,KCenters,6,4,42149.33911674631
0,Calcutta,IteratedWatershed,6,5,15693.209598124384
1,Calcutta,KMeans,6,5,15948.17310888314
2,Calcutta,KCenters,6,5,46236.95975009826
0,Calcutta,IteratedWatershed,6,6,15582.523348474737
1,Calcutta,KMeans,6,6,16990.20094802905
2,Calcutta,KCenters,6,6,67843.62934074756
0,Calcutta,IteratedWatershed,6,7,15235.326474388792
1,Calcutta,KMeans,6,7,16990.20094802905
2,Calcutta,KCenters,6,7,61706.85547501442
0,Calcutta,IteratedWatershed,6,8,15672.493590082591
1,Calcutta,KMeans,6,8,15827.479436894093
2,Calcutta,KCenters,6,8,51856.13801274885
0,Calcutta,IteratedWatershed,6,9,15557.576272919097
1,Calcutta,KMeans,6,9,15948.17310888314
2,Calcutta,KCenters,6,9,72906.9199281646
0,Calcutta,IteratedWatershed,6,10,15067.651340763927
1,Calcutta,KMeans,6,10,18794.773322639125
2,Calcutta,KCenters,6,10,55942.02410714021
0,Calcutta,IteratedWatershed,6,11,15482.326049684332
1,Calcutta,KMeans,6,11,18794.773322639125
2,Calcutta,KCenters,6,11,39098.163066639034
0,Calcutta,IteratedWatershed,6,12,15122.794758400953
1,Calcutta,KMeans,6,12,16022.765732437932
2,Calcutta,KCenters,6,12,49620.62620014145
0,Calcutta,IteratedWatershed,6,13,15331.98597699577
1,Calcutta,KMeans,6,13,16022.765732437932
2,Calcutta,KCenters,6,13,69641.02628655743
0,Calcutta,IteratedWatershed,6,14,15280.269595765636
1,Calcutta,KMeans,6,14,15752.886813339297
2,Calcutta,KCenters,6,14,62198.15729533237
0,Calcutta,IteratedWatershed,6,15,15192.80596527375
1,Calcutta,KMeans,6,15,18794.773322639125
2,Calcutta,KCenters,6,15,53538.952798384
0,Calcutta,IteratedWatershed,6,16,15712.919164569987
1,Calcutta,KMeans,6,16,15948.17310888314
2,Calcutta,KCenters,6,16,89046.84117507814
0,Calcutta,IteratedWatershed,6,17,15309.872377261696
1,Calcutta,KMeans,6,17,18794.773322639125
2,Calcutta,KCenters,6,17,51339.81273227933
0,Calcutta,IteratedWatershed,6,18,15620.448690586456
1,Calcutta,KMeans,6,18,17024.32920934234
2,Calcutta,KCenters,6,18,61830.37227237284
0,Calcutta,IteratedWatershed,6,19,15707.345110000539
1,Calcutta,KMeans,6,19,15827.479436894093
2,Calcutta,KCenters,6,19,57012.08502228907
0,Calcutta,IteratedWatershed,9,0,13600.05729911045
1,Calcutta,KMeans,9,0,14729.64269837015
2,Calcutta,KCenters,9,0,61470.72620895906
0,Calcutta,IteratedWatershed,9,1,13362.86748816574
1,Calcutta,KMeans,9,1,15918.533395979877
2,Calcutta,KCenters,9,1,44641.345424187726
0,Calcutta,IteratedWatershed,9,2,13602.579091462918
1,Calcutta,KMeans,9,2,14382.851431028585
2,Calcutta,KCenters,9,2,51076.54746430821
0,Calcutta,IteratedWatershed,9,3,13784.555183230055
1,Calcutta,KMeans,9,3,14292.797848956994
2,Calcutta,KCenters,9,3,50108.407321431
0,Calcutta,IteratedWatershed,9,4,12481.051089039101
1,Calcutta,KMeans,9,4,14729.64269837015
2,Calcutta,KCenters,9,4,85141.32663123972
0,Calcutta,IteratedWatershed,9,5,12936.572126669751
1,Calcutta,KMeans,9,5,15892.032559747358
2,Calcutta,KCenters,9,5,41866.80757058553
0,Calcutta,IteratedWatershed,9,6,13929.39146603825
1,Calcutta,KMeans,9,6,14729.64269837015
2,Calcutta,KCenters,9,6,56176.50303804861
0,Calcutta,IteratedWatershed,9,7,13489.47538786546
1,Calcutta,KMeans,9,7,14382.851431028585
2,Calcutta,KCenters,9,7,42730.7710764062
0,Calcutta,IteratedWatershed,9,8,13232.25126703567
1,Calcutta,KMeans,9,8,14361.830763885277
2,Calcutta,KCenters,9,8,39250.51296879529
0,Calcutta,IteratedWatershed,9,9,12967.136493895274
1,Calcutta,KMeans,9,9,14382.851431028585
2,Calcutta,KCenters,9,9,37887.343262102426
0,Calcutta,IteratedWatershed,9,10,13526.016986321245
1,Calcutta,KMeans,9,10,14729.64269837015
2,Calcutta,KCenters,9,10,42869.08161209217
0,Calcutta,IteratedWatershed,9,11,13792.616536123234
1,Calcutta,KMeans,9,11,14729.64269837015
2,Calcutta,KCenters,9,11,46118.852909091685
0,Calcutta,IteratedWatershed,9,12,14596.099643592985
1,Calcutta,KMeans,9,12,14729.64269837015
2,Calcutta,KCenters,9,12,61778.38647644271
0,Calcutta,IteratedWatershed,9,13,13411.258516952963
1,Calcutta,KMeans,9,13,14738.93125741522
2,Calcutta,KCenters,9,13,44179.47000588906
0,Calcutta,IteratedWatershed,9,14,13233.438797736391
1,Calcutta,KMeans,9,14,14382.851431028585
2,Calcutta,KCenters,9,14,48255.871292794174
0,Calcutta,IteratedWatershed,9,15,13244.41735883526
1,Calcutta,KMeans,9,15,14738.93125741522
2,Calcutta,KCenters,9,15,51073.5883992069
0,Calcutta,IteratedWatershed,9,16,13627.05446550298
1,Calcutta,KMeans,9,16,14361.830763885277
2,Calcutta,KCenters,9,16,50906.881155296236
0,Calcutta,IteratedWatershed,9,17,13326.680705447136
1,Calcutta,KMeans,9,17,14729.64269837015
2,Calcutta,KCenters,9,17,39673.528937324634
0,Calcutta,IteratedWatershed,9,18,13357.440828387153
1,Calcutta,KMeans,9,18,14738.93125741522
2,Calcutta,KCenters,9,18,61370.64057277568
0,Calcutta,IteratedWatershed,9,19,12795.06881907594
1,Calcutta,KMeans,9,19,14729.64269837015
2,Calcutta,KCenters,9,19,62680.15147928471
0,Calcutta,IteratedWatershed,12,0,11305.730954428165
1,Calcutta,KMeans,12,0,14175.246771065555
2,Calcutta,KCenters,12,0,40023.913061493215
0,Calcutta,IteratedWatershed,12,1,11033.536800665615
1,Calcutta,KMeans,12,1,13952.937140979067
2,Calcutta,KCenters,12,1,46555.24746542431
0,Calcutta,IteratedWatershed,12,2,11164.039755910295
1,Calcutta,KMeans,12,2,14215.944211486778
2,Calcutta,KCenters,12,2,87919.35087545928
0,Calcutta,IteratedWatershed,12,3,11659.830144900752
1,Calcutta,KMeans,12,3,12512.140669936036
2,Calcutta,KCenters,12,3,37938.903879686644
0,Calcutta,IteratedWatershed,12,4,11543.89579926406
1,Calcutta,KMeans,12,4,12413.93009488915
2,Calcutta,KCenters,12,4,50125.59218791546
0,Calcutta,IteratedWatershed,12,5,11824.665256895623
1,Calcutta,KMeans,12,5,12573.56380137112
2,Calcutta,KCenters,12,5,47093.58720147312
0,Calcutta,IteratedWatershed,12,6,11165.358029031091
1,Calcutta,KMeans,12,6,14226.781489267269
2,Calcutta,KCenters,12,6,57196.17761930255
0,Calcutta,IteratedWatershed,12,7,11501.264492195072
1,Calcutta,KMeans,12,7,12413.93009488915
2,Calcutta,KCenters,12,7,57000.94551901892
0,Calcutta,IteratedWatershed,12,8,11148.262758823399
1,Calcutta,KMeans,12,8,12421.324105764279
2,Calcutta,KCenters,12,8,40890.11207886757
0,Calcutta,IteratedWatershed,12,9,12370.166614163296
1,Calcutta,KMeans,12,9,12306.888071857276
2,Calcutta,KCenters,12,9,47317.28890811046
0,Calcutta,IteratedWatershed,12,10,11418.925672245818
1,Calcutta,KMeans,12,10,13952.937140979067
2,Calcutta,KCenters,12,10,59995.15992510477
0,Calcutta,IteratedWatershed,12,11,11889.623954890047
1,Calcutta,KMeans,12,11,12512.140669936036
2,Calcutta,KCenters,12,11,54854.481772173145
0,Calcutta,IteratedWatershed,12,12,11223.102245558843
1,Calcutta,KMeans,12,12,13139.792752235557
2,Calcutta,KCenters,12,12,65794.7598812101
0,Calcutta,IteratedWatershed,12,13,11486.500586891147
1,Calcutta,KMeans,12,13,14279.854322152773
2,Calcutta,KCenters,12,13,38636.11975055335
0,Calcutta,IteratedWatershed,12,14,11527.561315676423
1,Calcutta,KMeans,12,14,14165.602568225
2,Calcutta,KCenters,12,14,43779.73563848113
0,Calcutta,IteratedWatershed,12,15,12366.717504163464
1,Calcutta,KMeans,12,15,13581.67055239166
2,Calcutta,KCenters,12,15,42383.63179312785
0,Calcutta,IteratedWatershed,12,16,11479.496750259219
1,Calcutta,KMeans,12,16,12880.115741496584
2,Calcutta,KCenters,12,16,55068.77925653183
0,Calcutta,IteratedWatershed,12,17,11595.845546933728
1,Calcutta,KMeans,12,17,14217.492029965098
2,Calcutta,KCenters,12,17,39397.50288120968
0,Calcutta,IteratedWatershed,12,18,11334.075032907705
1,Calcutta,KMeans,12,18,13731.301455717905
2,Calcutta,KCenters,12,18,53967.878126724754
0,Calcutta,IteratedWatershed,12,19,11789.451691676451
1,Calcutta,KMeans,12,19,13634.743385277165
2,Calcutta,KCenters,12,19,59236.855749869486
0,Calcutta,IteratedWatershed,15,0,10424.266137814093
1,Calcutta,KMeans,15,0,11289.182031306027
2,Calcutta,KCenters,15,0,65464.582159348305
0,Calcutta,IteratedWatershed,15,1,10155.139464279493
1,Calcutta,KMeans,15,1,13492.035855963666
2,Calcutta,KCenters,15,1,45668.66679723078
0,Calcutta,IteratedWatershed,15,2,10176.882896220506
1,Calcutta,KMeans,15,2,13430.658648992981
2,Calcutta,KCenters,15,2,47099.1198635051
0,Calcutta,IteratedWatershed,15,3,10543.438808008743
1,Calcutta,KMeans,15,3,12591.753283421524
2,Calcutta,KCenters,15,3,43760.010566628625
0,Calcutta,IteratedWatershed,15,4,10466.668173038383
1,Calcutta,KMeans,15,4,11776.4455471434
2,Calcutta,KCenters,15,4,65569.82216485539
0,Calcutta,IteratedWatershed,15,5,10603.788871851262
1,Calcutta,KMeans,15,5,12929.0185723974
2,Calcutta,KCenters,15,5,60341.27016620108
0,Calcutta,IteratedWatershed,15,6,10238.318930750629
1,Calcutta,KMeans,15,6,11684.623636890221
2,Calcutta,KCenters,15,6,54030.220944148496
0,Calcutta,IteratedWatershed,15,7,10245.45113283377
1,Calcutta,KMeans,15,7,11943.850093233588
2,Calcutta,KCenters,15,7,39006.935794655255
0,Calcutta,IteratedWatershed,15,8,10247.760345368511
1,Calcutta,KMeans,15,8,12134.7238279986
2,Calcutta,KCenters,15,8,35903.808454649916
0,Calcutta,IteratedWatershed,15,9,10341.242247147213
1,Calcutta,KMeans,15,9,10709.77969976996
2,Calcutta,KCenters,15,9,65387.81245363896
0,Calcutta,IteratedWatershed,15,10,10184.164563838138
1,Calcutta,KMeans,15,10,12886.728554446523
2,Calcutta,KCenters,15,10,41943.4034228386
0,Calcutta,IteratedWatershed,15,11,10503.858757737697
1,Calcutta,KMeans,15,11,12360.001473707634
2,Calcutta,KCenters,15,11,42170.739094964716
0,Calcutta,IteratedWatershed,15,12,10612.089182975402
1,Calcutta,KMeans,15,12,13430.658648992981
2,Calcutta,KCenters,15,12,43996.50433926576
0,Calcutta,IteratedWatershed,15,13,10491.552038203597
1,Calcutta,KMeans,15,13,14265.210259778305
2,Calcutta,KCenters,15,13,50954.589512653365
0,Calcutta,IteratedWatershed,15,14,10290.63433272096
1,Calcutta,KMeans,15,14,12767.85794115207
2,Calcutta,KCenters,15,14,33546.715423247195
0,Calcutta,IteratedWatershed,15,15,9875.179133831462
1,Calcutta,KMeans,15,15,13430.658648992981
2,Calcutta,KCenters,15,15,32125.651498749612
0,Calcutta,IteratedWatershed,15,16,10054.306186493126
1,Calcutta,KMeans,15,16,12457.755319336411
2,Calcutta,KCenters,15,16,37238.60746812667
0,Calcutta,IteratedWatershed,15,17,10143.90677942574
1,Calcutta,KMeans,15,17,12535.388389431253
2,Calcutta,KCenters,15,17,55437.768289811334
0,Calcutta,IteratedWatershed,15,18,10374.768439807669
1,Calcutta,KMeans,15,18,11822.795760194067
2,Calcutta,KCenters,15,18,45402.147120486756
0,Calcutta,IteratedWatershed,15,19,9973.834104401689
1,Calcutta,KMeans,15,19,12223.924951750263
2,Calcutta,KCenters,15,19,36931.11350165405
0,Delhi,IteratedWatershed,3,0,58807.17783330702
1,Delhi,KMeans,3,0,66272.17402566377
2,Delhi,KCenters,3,0,139549.36511861562
0,Delhi,IteratedWatershed,3,1,59766.34384261338
1,Delhi,KMeans,3,1,66272.17402566377
2,Delhi,KCenters,3,1,127014.05183787631
0,Delhi,IteratedWatershed,3,2,60064.80020148511
1,Delhi,KMeans,3,2,66272.17402566377
2,Delhi,KCenters,3,2,106734.5537066011
0,Delhi,IteratedWatershed,3,3,61066.60566116098
1,Delhi,KMeans,3,3,66272.17402566377
2,Delhi,KCenters,3,3,96515.59909779904
0,Delhi,IteratedWatershed,3,4,61128.91193528916
1,Delhi,KMeans,3,4,66272.17402566377
2,Delhi,KCenters,3,4,131476.4445588274
0,Delhi,IteratedWatershed,3,5,61128.91193528916
1,Delhi,KMeans,3,5,66272.17402566377
2,Delhi,KCenters,3,5,83876.40515110287
0,Delhi,IteratedWatershed,3,6,59936.16359498396
1,Delhi,KMeans,3,6,66272.17402566377
2,Delhi,KCenters,3,6,90834.72723966811
0,Delhi,IteratedWatershed,3,7,61128.91193528916
1,Delhi,KMeans,3,7,66272.17402566377
2,Delhi,KCenters,3,7,135520.41394658867
0,Delhi,IteratedWatershed,3,8,60381.40632394201
1,Delhi,KMeans,3,8,66272.17402566377
2,Delhi,KCenters,3,8,135524.24760710725
0,Delhi,IteratedWatershed,3,9,59557.95849946207
1,Delhi,KMeans,3,9,66272.17402566377
2,Delhi,KCenters,3,9,100154.07792626061
0,Delhi,IteratedWatershed,3,10,60497.46489111853
1,Delhi,KMeans,3,10,66272.17402566377
2,Delhi,KCenters,3,10,96200.80406703248
0,Delhi,IteratedWatershed,3,11,61124.26451160443
1,Delhi,KMeans,3,11,66272.17402566377
2,Delhi,KCenters,3,11,91460.44207680432
0,Delhi,IteratedWatershed,3,12,59766.34384261338
1,Delhi,KMeans,3,12,66272.17402566377
2,Delhi,KCenters,3,12,118283.617072362
0,Delhi,IteratedWatershed,3,13,59698.47022453207
1,Delhi,KMeans,3,13,66272.17402566377
2,Delhi,KCenters,3,13,132033.9173979521
0,Delhi,IteratedWatershed,3,14,61128.91193528916
1,Delhi,KMeans,3,14,66272.17402566377
2,Delhi,KCenters,3,14,167936.14959422706
0,Delhi,IteratedWatershed,3,15,61060.8113511792
1,Delhi,KMeans,3,15,66272.17402566377
2,Delhi,KCenters,3,15,94811.72857943164
0,Delhi,IteratedWatershed,3,16,59574.39482447924
1,Delhi,KMeans,3,16,66272.17402566377
2,Delhi,KCenters,3,16,134551.39767914405
0,Delhi,IteratedWatershed,3,17,60381.40632394201
1,Delhi,KMeans,3,17,66272.17402566377
2,Delhi,KCenters,3,17,136070.19244803162
0,Delhi,IteratedWatershed,3,18,61060.8113511792
1,Delhi,KMeans,3,18,66272.17402566377
2,Delhi,KCenters,3,18,95636.02558329301
0,Delhi,IteratedWatershed,3,19,61128.91193528916
1,Delhi,KMeans,3,19,66272.17402566377
2,Delhi,KCenters,3,19,115989.47372429466
0,Delhi,IteratedWatershed,6,0,43774.976096913706
1,Delhi,KMeans,6,0,52428.475039260666
2,Delhi,KCenters,6,0,101074.0072462618
0,Delhi,IteratedWatershed,6,1,42960.41715276311
1,Delhi,KMeans,6,1,52482.70030963969
2,Delhi,KCenters,6,1,95083.60540037155
0,Delhi,IteratedWatershed,6,2,45528.51032667643
1,Delhi,KMeans,6,2,51956.60939428042
2,Delhi,KCenters,6,2,81312.61198149012
0,Delhi,IteratedWatershed,6,3,41037.436190122935
1,Delhi,KMeans,6,3,52482.70030963969
2,Delhi,KCenters,6,3,123234.14443820724
0,Delhi,IteratedWatershed,6,4,42072.67992932631
1,Delhi,KMeans,6,4,51283.760716990306
2,Delhi,KCenters,6,4,85882.75402800854
0,Delhi,IteratedWatershed,6,5,42365.9478573537
1,Delhi,KMeans,6,5,54204.64598388837
2,Delhi,KCenters,6,5,99461.42267998579
0,Delhi,IteratedWatershed,6,6,43337.722297446184
1,Delhi,KMeans,6,6,52482.70030963969
2,Delhi,KCenters,6,6,91889.16539500923
0,Delhi,IteratedWatershed,6,7,44030.55791038107
1,Delhi,KMeans,6,7,49076.021940233826
2,Delhi,KCenters,6,7,67442.23257710693
0,Delhi,IteratedWatershed,6,8,42772.194025225035
1,Delhi,KMeans,6,8,49076.021940233826
2,Delhi,KCenters,6,8,79404.41566475944
0,Delhi,IteratedWatershed,6,9,44085.54347680553
1,Delhi,KMeans,6,9,54662.85032457797
2,Delhi,KCenters,6,9,82797.92858143144
0,Delhi,IteratedWatershed,6,10,42303.18754800434
1,Delhi,KMeans,6,10,53357.92683835517
2,Delhi,KCenters,6,10,78263.26971108268
0,Delhi,IteratedWatershed,6,11,43550.55823728384
1,Delhi,KMeans,6,11,52212.04901774886
2,Delhi,KCenters,6,11,67700.43070634145
0,Delhi,IteratedWatershed,6,12,43179.5966779454
1,Delhi,KMeans,6,12,51283.760716990306
2,Delhi,KCenters,6,12,77727.13826524146
0,Delhi,IteratedWatershed,6,13,42758.553567026276
1,Delhi,KMeans,6,13,51756.06615094808
2,Delhi,KCenters,6,13,86137.92680214567
0,Delhi,IteratedWatershed,6,14,42048.262026795855
1,Delhi,KMeans,6,14,53357.92683835517
2,Delhi,KCenters,6,14,82410.80431489718
0,Delhi,IteratedWatershed,6,15,42204.62400324399
1,Delhi,KMeans,6,15,53555.475453781895
2,Delhi,KCenters,6,15,71967.45563469322
0,Delhi,IteratedWatershed,6,16,44767.54861858777
1,Delhi,KMeans,6,16,47832.92894293886
2,Delhi,KCenters,6,16,87390.18442173659
0,Delhi,IteratedWatershed,6,17,42537.656092164005
1,Delhi,KMeans,6,17,55377.73627253946
2,Delhi,KCenters,6,17,91886.37273024277
0,Delhi,IteratedWatershed,6,18,44018.42629324015
1,Delhi,KMeans,6,18,47832.92894293886
2,Delhi,KCenters,6,18,88301.68501595275
0,Delhi,IteratedWatershed,6,19,43132.217494490564
1,Delhi,KMeans,6,19,51283.760716990306
2,Delhi,KCenters,6,19,81915.07675839556
0,Delhi,IteratedWatershed,9,0,33267.61402391063
1,Delhi,KMeans,9,0,44738.327391473445
2,Delhi,KCenters,9,0,87134.14247585798
0,Delhi,IteratedWatershed,9,1,33464.90082396661
1,Delhi,KMeans,9,1,44751.83215507165
2,Delhi,KCenters,9,1,86301.4199146825
0,Delhi,IteratedWatershed,9,2,34374.12149015763
1,Delhi,KMeans,9,2,44738.327391473445
2,Delhi,KCenters,9,2,67211.09120939214
0,Delhi,IteratedWatershed,9,3,35097.9943989011
1,Delhi,KMeans,9,3,44751.83215507165
2,Delhi,KCenters,9,3,90090.44538868063
0,Delhi,IteratedWatershed,9,4,35371.39110961368
1,Delhi,KMeans,9,4,44738.327391473445
2,Delhi,KCenters,9,4,66921.86651935455
0,Delhi,IteratedWatershed,9,5,34053.18145397225
1,Delhi,KMeans,9,5,39463.66083759425
2,Delhi,KCenters,9,5,84251.53503581541
0,Delhi,IteratedWatershed,9,6,35709.03145968204
1,Delhi,KMeans,9,6,44738.327391473445
2,Delhi,KCenters,9,6,64516.945280718326
0,Delhi,IteratedWatershed,9,7,33565.91535606635
1,Delhi,KMeans,9,7,44751.83215507165
2,Delhi,KCenters,9,7,65927.90969688716
0,Delhi,IteratedWatershed,9,8,33459.231071357695
1,Delhi,KMeans,9,8,44751.83215507165
2,Delhi,KCenters,9,8,66619.60046528022
0,Delhi,IteratedWatershed,9,9,35359.21026093073
1,Delhi,KMeans,9,9,44738.327391473445
2,Delhi,KCenters,9,9,64760.35920241134
0,Delhi,IteratedWatershed,9,10,36004.847444003535
1,Delhi,KMeans,9,10,44751.83215507165
2,Delhi,KCenters,9,10,70941.32430907563
0,Delhi,IteratedWatershed,9,11,33471.29932528823
1,Delhi,KMeans,9,11,44738.327391473445
2,Delhi,KCenters,9,11,78757.47115835399
0,Delhi,IteratedWatershed,9,12,34387.93393424711
1,Delhi,KMeans,9,12,44738.327391473445
2,Delhi,KCenters,9,12,72804.41552053051
0,Delhi,IteratedWatershed,9,13,33297.78647632339
1,Delhi,KMeans,9,13,44738.327391473445
2,Delhi,KCenters,9,13,66092.665366734
0,Delhi,IteratedWatershed,9,14,36282.956975059635
1,Delhi,KMeans,9,14,44196.49553502802
2,Delhi,KCenters,9,14,74275.46063199562
0,Delhi,IteratedWatershed,9,15,34834.46703173743
1,Delhi,KMeans,9,15,44738.327391473445
2,Delhi,KCenters,9,15,81067.8814816074
0,Delhi,IteratedWatershed,9,16,33899.304308357445
1,Delhi,KMeans,9,16,44751.83215507165
2,Delhi,KCenters,9,16,72027.24609756825
0,Delhi,IteratedWatershed,9,17,36349.31597167671
1,Delhi,KMeans,9,17,44738.327391473445
2,Delhi,KCenters,9,17,69760.09332436684
0,Delhi,IteratedWatershed,9,18,33578.439172001155
1,Delhi,KMeans,9,18,53511.135696777324
2,Delhi,KCenters,9,18,80241.7501402457
0,Delhi,IteratedWatershed,9,19,34173.14803741882
1,Delhi,KMeans,9,19,44738.327391473445
2,Delhi,KCenters,9,19,73837.80277857474
0,Delhi,IteratedWatershed,12,0,31119.035731871365
1,Delhi,KMeans,12,0,34709.106107636224
2,Delhi,KCenters,12,0,77206.98924932735
0,Delhi,IteratedWatershed,12,1,28804.364778952717
1,Delhi,KMeans,12,1,34709.106107636224
2,Delhi,KCenters,12,1,60504.59907684406
0,Delhi,IteratedWatershed,12,2,30686.19720045482
1,Delhi,KMeans,12,2,34709.106107636224
2,Delhi,KCenters,12,2,88737.8496039373
0,Delhi,IteratedWatershed,12,3,28530.727640106605
1,Delhi,KMeans,12,3,34405.420844402535
2,Delhi,KCenters,12,3,64769.371652609516
0,Delhi,IteratedWatershed,12,4,30574.154896926284
1,Delhi,KMeans,12,4,34709.106107636224
2,Delhi,KCenters,12,4,74746.55646946163
0,Delhi,IteratedWatershed,12,5,30618.830373255572
1,Delhi,KMeans,12,5,34709.106107636224
2,Delhi,KCenters,12,5,76031.01143354896
0,Delhi,IteratedWatershed,12,6,31021.33899213207
1,Delhi,KMeans,12,6,34709.106107636224
2,Delhi,KCenters,12,6,75982.220435209
0,Delhi,IteratedWatershed,12,7,30066.17148732467
1,Delhi,KMeans,12,7,34709.106107636224
2,Delhi,KCenters,12,7,62876.839325195455
0,Delhi,IteratedWatershed,12,8,30041.958619153043
1,Delhi,KMeans,12,8,33253.70573898032
2,Delhi,KCenters,12,8,71223.36785747882
0,Delhi,IteratedWatershed,12,9,28523.305110429614
1,Delhi,KMeans,12,9,34709.106107636224
2,Delhi,KCenters,12,9,59501.04406945808
0,Delhi,IteratedWatershed,12,10,31640.52643543523
1,Delhi,KMeans,12,10,34580.44765494865
2,Delhi,KCenters,12,10,68131.99281938377
0,Delhi,IteratedWatershed,12,11,30748.176602265237
1,Delhi,KMeans,12,11,39967.05655718263
2,Delhi,KCenters,12,11,58961.43639595403
0,Delhi,IteratedWatershed,12,12,28281.696378472272
1,Delhi,KMeans,12,12,34709.106107636224
2,Delhi,KCenters,12,12,78039.9279284335
0,Delhi,IteratedWatershed,12,13,29924.06832415735
1,Delhi,KMeans,12,13,34303.45495364682
2,Delhi,KCenters,12,13,74902.10930019028
0,Delhi,IteratedWatershed,12,14,30242.771642601514
1,Delhi,KMeans,12,14,34709.106107636224
2,Delhi,KCenters,12,14,79735.37094690416
0,Delhi,IteratedWatershed,12,15,30787.19419226143
1,Delhi,KMeans,12,15,34709.106107636224
2,Delhi,KCenters,12,15,71309.08354748717
0,Delhi,IteratedWatershed,12,16,29347.77217209535
1,Delhi,KMeans,12,16,35105.75491020079
2,Delhi,KCenters,12,16,67714.4374334568
0,Delhi,IteratedWatershed,12,17,30221.024905796792
1,Delhi,KMeans,12,17,34709.106107636224
2,Delhi,KCenters,12,17,73547.50542788206
0,Delhi,IteratedWatershed,12,18,29109.871874199976
1,Delhi,KMeans,12,18,35105.75491020079
2,Delhi,KCenters,12,18,62004.5537734167
0,Delhi,IteratedWatershed,12,19,28774.963630190043
1,Delhi,KMeans,12,19,34709.106107636224
2,Delhi,KCenters,12,19,66857.86622744236
0,Delhi,IteratedWatershed,15,0,25892.1146510625
1,Delhi,KMeans,15,0,39037.715101976144
2,Delhi,KCenters,15,0,67201.90223158262
0,Delhi,IteratedWatershed,15,1,26785.16860595933
1,Delhi,KMeans,15,1,38018.96989743692
2,Delhi,KCenters,15,1,68553.96682342974
0,Delhi,IteratedWatershed,15,2,28160.17593053947
1,Delhi,KMeans,15,2,34258.767515054584
2,Delhi,KCenters,15,2,71815.39977432738
0,Delhi,IteratedWatershed,15,3,26791.827634063273
1,Delhi,KMeans,15,3,39099.62975896294
2,Delhi,KCenters,15,3,74127.2879353258
0,Delhi,IteratedWatershed,15,4,28961.26019307652
1,Delhi,KMeans,15,4,34258.767515054584
2,Delhi,KCenters,15,4,66739.03646900773
0,Delhi,IteratedWatershed,15,5,26587.540322286783
1,Delhi,KMeans,15,5,36550.263860969535
2,Delhi,KCenters,15,5,63131.95669889109
0,Delhi,IteratedWatershed,15,6,26108.704632164023
1,Delhi,KMeans,15,6,34148.24984858868
2,Delhi,KCenters,15,6,63381.49117325025
0,Delhi,IteratedWatershed,15,7,27772.908336038417
1,Delhi,KMeans,15,7,35178.4036878541
2,Delhi,KCenters,15,7,67514.28724179314
0,Delhi,IteratedWatershed,15,8,26122.72348099188
1,Delhi,KMeans,15,8,34258.767515054584
2,Delhi,KCenters,15,8,67997.24070982292
0,Delhi,IteratedWatershed,15,9,27507.48726829034
1,Delhi,KMeans,15,9,36829.600405489866
2,Delhi,KCenters,15,9,72512.48823615345
0,Delhi,IteratedWatershed,15,10,27166.519970847043
1,Delhi,KMeans,15,10,38541.81052909203
2,Delhi,KCenters,15,10,63949.86949317706
0,Delhi,IteratedWatershed,15,11,26047.897563732397
1,Delhi,KMeans,15,11,34400.046427845635
2,Delhi,KCenters,15,11,53555.878169259646
0,Delhi,IteratedWatershed,15,12,26041.410679975037
1,Delhi,KMeans,15,12,34764.37002467377
2,Delhi,KCenters,15,12,71561.38087888516
0,Delhi,IteratedWatershed,15,13,26359.68868045817
1,Delhi,KMeans,15,13,31785.574554959574
2,Delhi,KCenters,15,13,51699.24311516771
0,Delhi,IteratedWatershed,15,14,25671.600373257763
1,Delhi,KMeans,15,14,35035.44625449969
2,Delhi,KCenters,15,14,56883.72222194435
0,Delhi,IteratedWatershed,15,15,25635.577063295696
1,Delhi,KMeans,15,15,34463.6014358502
2,Delhi,KCenters,15,15,51452.49346775015
0,Delhi,IteratedWatershed,15,16,27143.054918656406
1,Delhi,KMeans,15,16,34258.767515054584
2,Delhi,KCenters,15,16,67100.31619731757
0,Delhi,IteratedWatershed,15,17,26600.967581069115
1,Delhi,KMeans,15,17,37165.56932727512
2,Delhi,KCenters,15,17,55999.690731084615
0,Delhi,IteratedWatershed,15,18,26142.47974265712
1,Delhi,KMeans,15,18,35120.844826981054
2,Delhi,KCenters,15,18,54223.06222845205
0,Delhi,IteratedWatershed,15,19,25660.36439133299
1,Delhi,KMeans,15,19,34703.9404544053
2,Delhi,KCenters,15,19,56284.890748669815
